betaling_id,factuur_id,datum,bedrag,methode
1,2,2025-08-02,1798.53,iDEAL
2,3,2024-07-25,1930.92,PIN
3,4,2026-02-27,1656.07,Overboeking
4,5,2023-12-15,114.71,Overboeking
5,6,2026-05-20,1522.18,Contant
6,7,2024-05-11,3667.27,Contant
7,8,2023-11-19,785.05,Contant
8,9,2023-05-05,2026.75,Overboeking
9,11,2024-10-08,470.08,Contant
10,12,2023-03-17,1062.38,iDEAL
11,13,2025-08-03,1634.28,Contant
12,14,2024-12-28,4012.12,Contant
13,15,2024-10-23,1378.5,PIN
14,17,2024-10-04,2498.05,Contant
15,18,2024-09-11,141.27,Overboeking
16,19,2024-07-01,24.2,iDEAL
17,20,2024-12-22,2226.4,iDEAL
18,21,2024-09-09,1064.01,Automatische incasso
19,23,2025-07-25,1492.28,iDEAL
20,24,2024-06-08,5782.82,iDEAL
21,26,2024-07-12,574.75,Automatische incasso
22,27,2024-09-07,268.38,Automatische incasso
23,28,2024-05-02,1213.98,Contant
24,29,2025-01-14,139.39,PIN
25,30,2023-06-26,39.93,iDEAL
26,31,2025-10-02,2068.31,PIN
27,32,2024-11-30,330.33,PIN
28,33,2024-09-28,1130.13,Automatische incasso
29,34,2026-05-20,645.05,Contant
30,36,2025-12-28,3637.62,iDEAL
31,37,2025-11-02,1123.73,Automatische incasso
32,38,2025-10-03,2566.89,Overboeking
33,39,2023-02-25,157.0,PIN
34,40,2025-10-25,1653.4,iDEAL
35,42,2026-04-21,1500.04,Contant
36,43,2023-11-29,906.59,Automatische incasso
37,44,2023-06-25,5745.8,Overboeking
38,45,2023-04-26,3047.27,Overboeking
39,47,2025-06-15,3761.11,PIN
40,49,2025-03-20,306.61,PIN
41,50,2026-02-09,5011.57,iDEAL
42,51,2024-07-20,2968.56,Overboeking
43,52,2024-12-01,1671.61,PIN
44,54,2025-06-21,7208.81,Contant
45,55,2025-04-19,229.42,iDEAL
46,56,2026-01-28,3200.46,Overboeking
47,57,2024-01-30,5462.3,PIN
48,58,2025-11-19,425.92,PIN
49,61,2023-02-10,1651.65,PIN
50,62,2023-09-20,590.48,Contant
51,63,2023-01-31,380.55,Overboeking
52,64,2024-09-09,816.75,PIN
53,65,2025-07-15,3724.37,Contant
54,66,2024-04-12,3243.88,Contant
55,67,2024-02-10,2247.44,PIN
56,68,2023-10-01,2190.81,Contant
57,70,2023-07-31,2689.59,PIN
58,71,2024-07-13,687.28,PIN
59,72,2023-12-10,5284.07,iDEAL
60,73,2025-05-16,20.45,Automatische incasso
61,74,2023-11-05,4005.87,iDEAL
62,76,2024-03-05,133.77,Overboeking
63,77,2023-06-12,5217.52,PIN
64,78,2023-06-28,5942.2,iDEAL
65,79,2026-03-15,2744.28,Contant
66,80,2025-12-25,2483.65,PIN
67,81,2025-06-18,6151.64,Automatische incasso
68,82,2023-07-08,1309.22,Contant
69,83,2025-09-02,454.72,iDEAL
70,84,2024-10-13,1093.6,Contant
71,86,2025-05-18,3285.68,iDEAL
72,87,2026-02-13,1678.27,Contant
73,88,2026-01-06,1407.35,iDEAL
74,89,2023-09-07,76.96,PIN
75,90,2024-02-13,1574.08,Contant
76,91,2025-03-14,2280.73,PIN
77,92,2023-05-01,4204.38,Overboeking
78,93,2024-11-06,4516.94,Automatische incasso
79,94,2024-03-04,3787.89,PIN
80,97,2024-12-22,1392.82,Automatische incasso
81,99,2024-09-04,2019.12,iDEAL
82,102,2023-11-10,1658.9,PIN
83,103,2025-01-12,1914.4,iDEAL
84,104,2023-08-10,822.91,PIN
85,105,2025-10-22,1114.65,Automatische incasso
86,106,2024-01-06,1010.83,PIN
87,108,2025-02-01,107.45,Contant
88,109,2023-12-31,1392.1,Contant
89,111,2025-02-28,2245.52,Overboeking
90,112,2025-02-19,376.91,Automatische incasso
91,113,2024-03-28,6318.01,iDEAL
92,115,2023-11-15,631.37,Contant
93,117,2025-07-20,25.41,PIN
94,119,2023-11-14,457.92,Automatische incasso
95,120,2024-01-07,2083.14,Automatische incasso
96,121,2023-07-16,1864.61,Automatische incasso
97,122,2024-06-29,1583.87,iDEAL
98,124,2024-07-12,3233.72,PIN
99,125,2025-08-07,4368.22,Overboeking
100,126,2023-02-19,416.73,Automatische incasso
101,127,2023-09-21,618.91,Contant
102,128,2025-05-21,666.58,PIN
103,129,2024-05-27,811.91,iDEAL
104,130,2023-11-10,5555.95,PIN
105,131,2023-08-02,2043.08,PIN
106,133,2026-04-16,440.2,Automatische incasso
107,134,2024-02-02,1336.93,iDEAL
108,135,2026-03-10,427.13,iDEAL
109,136,2025-01-13,2976.53,Automatische incasso
110,138,2025-06-25,2232.21,PIN
111,139,2025-05-13,1224.52,Contant
112,141,2023-07-10,1795.64,Contant
113,143,2024-12-26,1076.66,PIN
114,144,2024-06-02,326.88,iDEAL
115,145,2025-11-07,1481.04,PIN
116,148,2024-10-12,2465.0,Overboeking
117,149,2023-07-19,1978.95,PIN
118,150,2023-11-04,402.93,Overboeking
119,151,2024-08-08,1001.88,PIN
120,152,2024-11-07,116.16,Automatische incasso
121,153,2024-09-12,601.37,iDEAL
122,154,2024-10-03,217.8,Automatische incasso
123,158,2024-08-22,139.39,PIN
124,160,2024-03-28,307.83,Contant
125,161,2024-08-17,4450.97,Contant
126,162,2025-02-10,2606.53,Contant
127,163,2025-03-25,3356.66,Overboeking
128,164,2023-08-10,93.9,Overboeking
129,166,2025-06-02,597.14,iDEAL
130,167,2026-05-16,1952.04,PIN
131,168,2025-03-09,7004.98,Overboeking
132,169,2025-07-11,1002.6,PIN
133,170,2024-11-08,4609.85,Overboeking
134,171,2023-05-17,7779.57,Overboeking
135,172,2024-09-22,4873.28,iDEAL
136,173,2023-12-05,137.21,Contant
137,174,2023-11-29,3851.42,PIN
138,175,2024-07-17,3801.34,Overboeking
139,176,2025-03-08,6994.39,Overboeking
140,177,2024-06-19,7881.82,Overboeking
141,178,2025-12-19,522.96,Overboeking
142,179,2025-05-02,170.37,PIN
143,180,2025-03-12,159.53,Overboeking
144,182,2024-06-28,1187.61,PIN
145,183,2023-04-12,4942.29,PIN
146,184,2023-08-04,2658.79,Automatische incasso
147,185,2025-06-15,3986.71,Contant
148,186,2025-05-27,1267.9,Contant
149,187,2023-03-16,2446.25,Overboeking
150,188,2026-02-26,19.36,Contant
151,189,2025-03-22,1321.32,Automatische incasso
152,190,2024-07-18,590.48,Overboeking
153,191,2025-10-03,779.24,PIN
154,192,2025-12-19,2003.76,Contant
155,193,2024-03-21,2109.02,Overboeking
156,194,2025-11-10,6496.18,PIN
157,195,2025-01-19,1069.03,iDEAL
158,196,2023-06-08,2707.06,Automatische incasso
159,197,2025-08-27,2045.07,iDEAL
160,198,2024-06-28,2261.25,Automatische incasso
161,199,2025-07-30,205.7,Contant
162,200,2024-11-11,2581.47,Contant
163,201,2023-09-02,1247.62,PIN
164,203,2023-11-29,1896.68,Overboeking
165,204,2026-01-01,1650.92,Contant
166,206,2026-04-24,954.2,Overboeking
167,207,2025-01-03,650.02,PIN
168,209,2024-04-19,2025.54,Contant
169,211,2023-10-16,274.43,PIN
170,212,2024-08-20,203.28,iDEAL
171,213,2024-11-17,2458.23,Automatische incasso
172,214,2026-03-26,369.41,PIN
173,215,2024-05-11,285.32,Contant
174,216,2026-01-01,2721.52,Contant
175,217,2026-02-03,740.52,iDEAL
176,219,2026-05-20,155.73,Automatische incasso
177,220,2023-12-16,672.16,PIN
178,221,2025-07-26,1574.33,PIN
179,223,2024-12-29,318.84,iDEAL
180,224,2026-04-21,405.11,Overboeking
181,225,2025-04-17,3078.85,Automatische incasso
182,226,2024-03-16,1769.02,Overboeking
183,227,2026-01-21,1957.65,iDEAL
184,228,2025-07-28,5340.4,Contant
185,229,2025-06-02,8111.23,Contant
186,230,2023-04-18,1572.87,iDEAL
187,231,2026-05-04,2329.38,Automatische incasso
188,232,2023-06-23,473.77,Contant
189,234,2023-04-09,2691.81,Overboeking
190,236,2023-05-29,1946.52,Overboeking
191,237,2025-02-24,256.16,Contant
192,238,2025-03-03,1496.77,iDEAL
193,240,2024-08-14,624.97,iDEAL
194,241,2025-05-02,1624.79,Automatische incasso
195,242,2026-04-02,2105.4,Automatische incasso
196,243,2023-03-26,287.38,iDEAL
197,245,2024-11-20,49.0,Contant
198,246,2025-06-07,631.5,Contant
199,248,2025-01-30,1111.5,PIN
200,250,2023-05-11,1432.15,Overboeking
201,251,2024-02-20,5714.23,Overboeking
202,252,2024-01-18,1280.66,Contant
203,253,2024-12-13,2386.25,Automatische incasso
204,254,2024-09-15,170.97,iDEAL
205,255,2025-04-05,2287.98,Contant
206,256,2025-12-15,2315.7,Automatische incasso
207,257,2023-07-12,301.9,PIN
208,258,2025-08-29,987.36,Contant
209,259,2025-10-06,435.6,PIN
210,261,2025-04-19,166.37,Contant
211,262,2025-04-01,1156.16,iDEAL
212,263,2024-10-14,420.35,iDEAL
213,264,2023-08-03,771.38,PIN
214,265,2023-03-29,408.98,Overboeking
215,266,2023-01-28,1419.57,Contant
216,267,2025-12-17,573.54,iDEAL
217,268,2024-11-25,418.53,Automatische incasso
218,269,2023-08-30,574.14,Contant
219,270,2026-05-14,1166.69,iDEAL
220,271,2023-05-07,870.95,Contant
221,272,2024-12-10,1492.67,iDEAL
222,273,2025-03-28,1905.38,Automatische incasso
223,274,2024-08-02,1534.28,Overboeking
224,275,2026-02-02,1675.0,Contant
225,276,2025-11-10,924.44,Automatische incasso
226,277,2025-03-13,1485.15,Automatische incasso
227,278,2024-12-17,83.01,Automatische incasso
228,279,2026-02-02,1299.67,Contant
229,281,2023-12-03,1432.03,PIN
230,283,2026-04-30,1426.89,Automatische incasso
231,284,2025-11-18,1461.68,Overboeking
232,285,2023-10-30,40.66,Overboeking
233,287,2026-03-04,63.89,Overboeking
234,288,2023-10-13,5475.25,Contant
235,289,2025-05-10,4747.43,Automatische incasso
236,290,2024-11-14,2188.28,Automatische incasso
237,292,2023-12-16,3954.52,iDEAL
238,293,2025-06-19,527.21,Automatische incasso
239,294,2024-02-18,542.08,Contant
240,296,2024-07-11,355.74,Automatische incasso
241,298,2023-03-18,504.57,Overboeking
242,299,2024-06-21,1859.4,iDEAL
243,300,2026-02-19,1407.35,Contant
244,301,2023-03-20,586.97,Overboeking
245,302,2025-05-22,473.78,PIN
246,303,2025-11-18,2504.63,Contant
247,304,2024-01-14,3156.41,iDEAL
248,305,2026-05-08,1693.03,iDEAL
249,306,2023-04-26,1381.35,Overboeking
250,307,2024-08-06,1287.44,iDEAL
251,308,2024-12-21,2945.93,iDEAL
252,309,2026-01-12,1891.83,Automatische incasso
253,310,2024-01-04,1436.75,Overboeking
254,312,2025-07-03,3338.39,Overboeking
255,313,2025-05-18,3062.75,Automatische incasso
256,315,2024-06-18,834.29,Overboeking
257,316,2024-10-31,85.67,Overboeking
258,317,2024-05-30,1692.66,Automatische incasso
259,318,2025-11-23,487.26,Automatische incasso
260,320,2024-12-28,6086.55,PIN
261,321,2024-05-14,2306.62,Contant
262,322,2025-07-25,1559.87,PIN
263,323,2025-07-23,2175.16,iDEAL
264,324,2024-05-14,5534.78,iDEAL
265,325,2025-12-29,2395.8,Contant
266,326,2025-02-11,2657.77,PIN
267,327,2025-12-04,198.92,Overboeking
268,328,2025-09-19,3132.39,Contant
269,329,2026-05-06,2737.99,Contant
270,330,2025-08-06,330.32,Automatische incasso
271,331,2024-03-20,5322.78,PIN
272,332,2024-03-28,1376.37,PIN
273,333,2025-03-27,653.4,Overboeking
274,334,2024-09-29,1311.82,Contant
275,335,2026-03-24,1737.32,iDEAL
276,336,2024-09-04,1379.4,Overboeking
277,338,2025-04-23,470.94,PIN
278,339,2023-02-01,6610.84,iDEAL
279,340,2025-02-01,10710.98,Contant
280,341,2024-01-25,3569.37,Contant
281,342,2026-02-16,748.99,Automatische incasso
282,343,2026-02-20,2210.06,iDEAL
283,344,2026-01-07,2526.78,Contant
284,345,2023-11-12,5244.02,Automatische incasso
285,346,2023-05-15,91.47,iDEAL
286,347,2023-03-24,2054.03,iDEAL
287,348,2025-08-21,2280.48,PIN
288,349,2023-12-06,5716.04,Contant
289,351,2024-09-25,1444.39,Contant
290,353,2025-06-06,905.62,Automatische incasso
291,355,2025-06-14,1362.83,Contant
292,356,2024-04-06,332.75,PIN
293,357,2026-05-17,122.94,Automatische incasso
294,358,2024-11-03,1183.56,Automatische incasso
295,359,2025-06-14,417.32,Automatische incasso
296,362,2026-01-11,3192.87,iDEAL
297,363,2023-07-21,1573.0,PIN
298,365,2025-04-18,5173.96,Automatische incasso
299,366,2025-01-20,281.81,Contant
300,367,2025-04-08,2546.57,PIN
301,369,2026-01-19,253.5,Contant
302,370,2025-04-17,572.45,Overboeking
303,371,2025-03-06,3586.74,Automatische incasso
304,372,2025-10-24,122.45,PIN
305,373,2024-07-15,2530.59,Overboeking
306,375,2024-02-26,4781.07,Automatische incasso
307,376,2026-02-07,5660.98,Automatische incasso
308,378,2023-06-16,2853.91,Overboeking
309,379,2024-02-14,1766.83,Automatische incasso
310,380,2026-05-20,2105.52,Automatische incasso
311,381,2024-09-01,3922.59,Overboeking
312,382,2026-03-30,1444.14,iDEAL
313,383,2023-11-07,3048.83,Overboeking
314,384,2024-05-10,397.72,Contant
315,385,2023-10-24,3126.88,Contant
316,386,2025-01-05,969.21,Contant
317,387,2026-03-03,2258.7,Overboeking
318,389,2026-03-18,3805.21,Automatische incasso
319,390,2024-08-28,732.89,Contant
320,391,2023-08-13,2006.05,iDEAL
321,392,2023-03-29,660.18,Automatische incasso
322,393,2024-07-08,83.37,PIN
323,394,2024-06-30,7701.35,Overboeking
324,395,2024-11-12,1492.47,iDEAL
325,396,2023-04-15,8859.25,Overboeking
326,397,2024-04-06,2924.86,iDEAL
327,398,2025-08-21,1790.43,PIN
328,399,2024-11-24,8196.54,Automatische incasso
329,400,2024-02-17,2640.95,Contant
330,402,2026-05-20,90.75,Overboeking
331,403,2026-01-19,3289.51,Overboeking
332,404,2025-09-11,7.99,Automatische incasso
333,405,2026-05-20,4269.73,PIN
334,406,2024-01-05,1285.38,iDEAL
335,407,2024-07-22,150.22,iDEAL
336,408,2026-05-20,2431.31,Automatische incasso
337,409,2024-11-12,405.35,PIN
338,410,2023-08-11,1655.28,Overboeking
339,411,2024-04-07,1211.21,Contant
340,412,2023-11-13,1499.61,iDEAL
341,413,2025-09-13,922.38,PIN
342,414,2024-12-17,2896.74,PIN
343,415,2025-09-04,744.87,iDEAL
344,417,2024-07-04,1612.69,Contant
345,418,2023-05-14,2397.25,Overboeking
346,419,2025-05-10,1006.96,Contant
347,420,2023-11-29,804.65,Contant
348,421,2025-03-23,474.92,PIN
349,422,2023-06-04,503.97,Automatische incasso
350,423,2023-05-08,353.92,Overboeking
351,424,2024-06-25,317.08,iDEAL
352,425,2026-03-05,1102.98,Contant
353,426,2023-06-20,4781.74,Automatische incasso
354,427,2024-08-25,8162.29,Automatische incasso
355,429,2025-07-21,2228.1,PIN
356,430,2025-04-05,1992.93,Contant
357,431,2023-02-03,3880.84,Overboeking
358,432,2023-11-10,1530.29,iDEAL
359,433,2023-02-19,3049.8,Overboeking
360,434,2026-02-23,544.98,iDEAL
361,435,2025-10-16,1132.92,Overboeking
362,437,2024-04-27,1027.06,PIN
363,439,2024-06-29,930.56,iDEAL
364,440,2023-02-20,175.33,Automatische incasso
365,441,2024-10-28,60.02,iDEAL
366,442,2025-01-15,2319.92,Contant
367,443,2023-09-19,4051.32,Overboeking
368,444,2024-06-22,1549.04,Overboeking
369,445,2025-06-04,3544.82,Contant
370,446,2023-06-20,1084.22,iDEAL
371,447,2026-04-06,89.06,Automatische incasso
372,448,2023-05-20,3569.87,Contant
373,449,2025-11-03,3604.96,Overboeking
374,450,2024-03-26,156.82,PIN
375,451,2023-05-30,4208.08,PIN
376,452,2024-07-09,1414.49,Overboeking
377,453,2023-07-18,130.68,iDEAL
378,455,2023-05-31,3396.95,Overboeking
379,456,2024-04-26,1422.96,PIN
380,457,2024-12-10,1875.2,iDEAL
381,458,2026-03-16,779.24,PIN
382,460,2024-09-08,166.38,Contant
383,461,2026-04-19,586.85,Contant
384,464,2024-05-07,1515.88,iDEAL
385,465,2024-12-14,1871.62,PIN
386,466,2024-10-20,250.71,Automatische incasso
387,467,2025-05-01,1110.41,Automatische incasso
388,468,2025-05-30,6897.6,Automatische incasso
389,470,2024-09-22,2331.06,Contant
390,471,2024-09-10,1323.5,Contant
391,472,2023-03-27,1889.71,iDEAL
392,474,2023-10-10,1613.78,Automatische incasso
393,475,2025-01-10,3137.52,iDEAL
394,476,2023-09-22,224.45,Automatische incasso
395,477,2025-02-02,6711.39,iDEAL
396,478,2024-02-27,2098.98,PIN
397,479,2024-07-22,1783.78,Overboeking
398,480,2024-01-03,43.26,Overboeking
399,481,2023-03-11,1929.82,Contant
400,482,2023-08-14,1306.07,iDEAL
401,483,2024-03-21,1121.67,PIN
402,485,2025-11-21,1545.76,Contant
403,486,2023-07-19,1591.51,Overboeking
404,488,2025-10-29,468.51,PIN
405,489,2023-03-24,978.28,Overboeking
406,490,2024-08-29,174.24,Automatische incasso
407,491,2025-11-02,854.5,Overboeking
408,493,2024-02-17,3070.38,Contant
409,494,2025-05-29,3122.89,PIN
410,495,2024-12-19,3304.14,Automatische incasso
411,496,2025-11-01,1659.58,Overboeking
412,497,2024-12-09,236.37,Overboeking
413,498,2023-10-22,1678.88,Overboeking
414,499,2025-10-28,3527.25,PIN
415,500,2025-07-15,2278.67,Overboeking
416,503,2025-04-01,2730.49,PIN
417,504,2024-11-28,5286.49,PIN
418,505,2023-09-04,347.02,Automatische incasso
419,506,2025-02-21,620.73,iDEAL
420,507,2025-05-14,2565.2,Overboeking
421,508,2025-08-23,1217.62,iDEAL
422,509,2024-02-10,1782.57,Overboeking
423,510,2026-02-18,2835.93,Overboeking
424,511,2025-01-17,1893.1,PIN
425,512,2025-09-10,1408.44,PIN
426,514,2025-10-05,212.66,Overboeking
427,515,2024-10-06,45.38,Contant
428,517,2025-02-14,3327.38,iDEAL
429,519,2026-01-12,259.91,iDEAL
430,520,2025-11-12,149.98,PIN
431,521,2023-09-18,1822.87,PIN
432,522,2026-01-17,1214.11,PIN
433,523,2023-06-10,2322.83,PIN
434,525,2023-06-19,2195.42,iDEAL
435,526,2023-04-12,4434.17,Overboeking
436,527,2023-04-24,8114.01,PIN
437,529,2025-01-28,923.23,iDEAL
438,531,2023-05-26,508.2,PIN
439,532,2023-05-18,1763.94,Overboeking
440,533,2026-05-20,1305.23,Overboeking
441,534,2025-07-19,1068.67,Overboeking
442,535,2023-12-11,981.31,iDEAL
443,536,2024-06-01,1737.32,Overboeking
444,537,2024-06-01,1646.92,Automatische incasso
445,538,2024-05-27,8714.06,Overboeking
446,539,2025-03-23,997.4,Contant
447,540,2025-12-30,2215.09,Overboeking
448,541,2023-08-06,110.05,Automatische incasso
449,542,2023-07-26,2302.32,PIN
450,543,2024-05-14,1459.26,PIN
451,544,2023-12-27,2780.16,Automatische incasso
452,545,2026-04-17,911.25,Automatische incasso
453,546,2023-06-27,390.83,Overboeking
454,547,2024-04-23,175.69,Automatische incasso
455,548,2025-08-04,949.72,iDEAL
456,549,2024-04-01,1498.82,PIN
457,550,2025-01-29,958.32,iDEAL
458,551,2024-02-19,1007.33,Automatische incasso
459,552,2025-11-12,2314.85,Automatische incasso
460,553,2025-11-03,3208.01,Contant
461,554,2026-02-25,2090.87,Contant
462,555,2025-05-26,2146.54,Automatische incasso
463,556,2023-12-25,257.79,PIN
464,558,2025-06-10,783.05,Automatische incasso
465,559,2026-03-26,2931.65,iDEAL
466,560,2024-05-27,512.44,Overboeking
467,561,2023-03-16,100.73,PIN
468,562,2026-03-07,469.84,Automatische incasso
469,564,2024-04-05,467.07,Overboeking
470,565,2023-10-25,5440.15,Overboeking
471,567,2025-05-24,4012.0,iDEAL
472,568,2023-08-26,2757.46,Contant
473,569,2023-06-14,1698.11,iDEAL
474,570,2025-03-28,3128.57,iDEAL
475,571,2024-07-27,2136.61,Automatische incasso
476,572,2026-02-23,3285.02,Contant
477,574,2026-05-08,485.33,Overboeking
478,575,2024-03-15,1570.15,PIN
479,576,2026-01-31,4939.22,Overboeking
480,577,2025-09-07,2751.3,Contant
481,578,2025-05-06,2490.18,Automatische incasso
482,579,2023-10-24,977.01,iDEAL
483,580,2024-12-05,3373.96,Automatische incasso
484,581,2023-07-28,1415.58,Overboeking
485,582,2023-12-01,5153.69,iDEAL
486,583,2023-05-03,2780.94,Automatische incasso
487,584,2024-01-11,805.86,iDEAL
488,585,2023-09-01,4377.85,Contant
489,587,2024-03-18,3832.61,iDEAL
490,588,2023-04-14,1088.39,Automatische incasso
491,589,2025-05-02,3678.52,Automatische incasso
492,590,2023-06-15,1525.44,iDEAL
493,591,2024-07-27,91.48,Automatische incasso
494,592,2026-05-20,603.19,iDEAL
495,593,2025-02-23,1488.9,iDEAL
496,594,2024-05-04,1549.88,iDEAL
497,595,2026-02-01,2026.02,Contant
498,596,2024-04-21,2459.93,Overboeking
499,597,2024-01-13,3028.87,Contant
500,599,2023-11-26,972.36,iDEAL
501,600,2024-03-28,711.48,Overboeking
502,601,2024-03-14,5668.61,Contant
503,602,2024-05-31,104.79,iDEAL
504,603,2025-12-13,2240.25,PIN
505,605,2025-04-12,2779.73,Overboeking
506,606,2025-04-15,3302.7,Contant
507,607,2026-05-20,2587.59,PIN
508,608,2023-09-11,118.64,Contant
509,609,2024-11-17,1643.3,PIN
510,610,2025-04-26,2338.8,Contant
511,612,2024-03-07,1822.38,Automatische incasso
512,613,2025-09-30,4532.18,PIN
513,614,2024-04-01,1995.29,PIN
514,616,2024-10-14,2088.94,Overboeking
515,617,2025-12-06,3638.16,PIN
516,618,2024-08-17,3741.62,iDEAL
517,619,2024-06-25,3334.45,PIN
518,620,2024-09-09,3263.36,Contant
519,621,2024-07-01,402.93,PIN
520,623,2023-04-08,3528.36,PIN
521,624,2025-08-05,6842.42,Contant
522,625,2024-08-23,5463.87,Automatische incasso
523,626,2025-03-28,4206.56,Automatische incasso
524,627,2025-03-31,928.8,PIN
525,628,2025-04-22,1729.21,PIN
526,630,2025-12-31,912.82,PIN
527,631,2023-10-25,1592.12,Contant
528,632,2026-01-19,234.98,Automatische incasso
529,633,2024-10-15,833.69,Contant
530,635,2026-05-09,2792.2,Contant
531,636,2023-10-29,381.27,iDEAL
532,637,2023-12-25,430.03,Automatische incasso
533,639,2025-03-14,758.67,Overboeking
534,640,2025-03-18,3142.74,Automatische incasso
535,641,2024-09-25,2548.26,Automatische incasso
536,642,2024-11-14,4025.67,PIN
537,643,2023-12-02,1089.0,PIN
538,644,2026-01-14,2814.46,Automatische incasso
539,645,2024-09-01,3772.65,Overboeking
540,646,2024-09-26,2997.17,Overboeking
541,647,2024-12-22,1902.48,Automatische incasso
542,649,2025-11-22,3921.97,PIN
543,650,2023-09-24,2535.68,iDEAL
544,651,2025-08-07,958.81,Automatische incasso
545,652,2023-09-23,648.68,Automatische incasso
546,653,2024-12-20,967.27,Automatische incasso
547,654,2025-06-25,287.5,iDEAL
548,656,2026-04-02,2055.79,PIN
549,659,2024-06-20,1536.46,Contant
550,660,2025-06-16,4127.78,Automatische incasso
551,661,2024-09-21,459.44,PIN
552,662,2025-06-19,2920.09,Automatische incasso
553,663,2025-03-26,1325.07,PIN
554,665,2026-02-23,369.53,PIN
555,666,2025-11-26,845.18,PIN
556,668,2025-06-03,3931.71,PIN
557,669,2024-07-05,1811.97,PIN
558,670,2024-03-09,298.14,PIN
559,671,2025-09-01,877.24,Automatische incasso
560,672,2024-12-26,439.89,Automatische incasso
561,673,2024-03-04,4061.48,Overboeking
562,675,2026-04-15,3109.1,Automatische incasso
563,676,2024-12-04,274.43,PIN
564,677,2023-11-03,7031.86,iDEAL
565,678,2025-09-11,82.76,Automatische incasso
566,679,2023-08-26,1527.27,Automatische incasso
567,682,2026-03-09,729.87,PIN
568,683,2024-03-19,1697.88,Automatische incasso
569,684,2026-02-14,3811.5,PIN
570,685,2024-09-26,3219.81,iDEAL
571,686,2023-04-13,1244.18,Overboeking
572,688,2025-08-29,106.72,PIN
573,689,2023-09-11,6091.82,Automatische incasso
574,690,2026-02-15,984.76,Overboeking
575,694,2025-06-03,334.8,PIN
576,695,2023-10-18,559.5,iDEAL
577,696,2023-06-19,1822.75,PIN
578,697,2025-11-08,651.94,Automatische incasso
579,698,2025-04-15,1667.92,Overboeking
580,700,2025-10-09,818.56,PIN
581,702,2026-02-15,1218.83,iDEAL
582,703,2024-07-15,2087.49,Overboeking
583,704,2024-07-12,103.82,PIN
584,705,2024-06-01,1393.92,PIN
585,706,2025-10-16,1136.67,iDEAL
586,707,2024-06-21,811.31,iDEAL
587,709,2025-10-21,1190.51,Overboeking
588,711,2023-12-28,3574.94,Contant
589,712,2025-09-11,1043.87,iDEAL
590,715,2024-03-24,2638.65,Overboeking
591,716,2024-02-23,993.16,Automatische incasso
592,717,2024-01-22,817.96,Overboeking
593,718,2024-05-11,1712.51,Contant
594,719,2023-05-31,295.67,iDEAL
595,720,2024-01-09,2374.75,Automatische incasso
596,721,2024-03-21,503.43,Automatische incasso
597,722,2023-10-24,2247.93,Automatische incasso
598,723,2026-04-25,45.01,Overboeking
599,724,2025-01-23,4367.98,PIN
600,725,2023-06-06,4721.55,Overboeking
601,726,2023-09-25,1247.39,Contant
602,727,2023-07-28,1576.62,Overboeking
603,729,2025-04-14,2102.5,PIN
604,731,2025-04-04,8539.94,iDEAL
605,733,2024-09-05,2654.74,Contant
606,734,2024-12-26,4215.27,PIN
607,735,2023-04-05,42.59,PIN
608,736,2023-07-26,399.12,iDEAL
609,737,2024-12-10,7426.38,Contant
610,739,2023-10-04,888.86,Automatische incasso
611,740,2023-12-26,1497.38,Automatische incasso
612,741,2023-06-30,518.12,iDEAL
613,742,2025-05-15,3673.39,Overboeking
614,743,2023-11-30,10296.61,iDEAL
615,744,2026-01-04,5447.3,iDEAL
616,746,2023-09-28,3069.4,iDEAL
617,747,2026-02-20,1002.72,iDEAL
618,748,2023-06-13,114.34,Automatische incasso
619,749,2023-05-18,788.69,Overboeking
620,750,2023-02-22,1472.33,iDEAL
621,752,2025-03-08,1168.62,Contant
622,753,2025-06-27,3150.84,Contant
623,754,2025-12-10,2364.04,Overboeking
624,755,2026-03-01,217.37,PIN
625,756,2023-04-29,1658.54,Overboeking
626,757,2023-10-27,934.12,Automatische incasso
627,758,2024-08-02,3218.0,Automatische incasso
628,759,2025-05-14,928.18,iDEAL
629,760,2024-05-29,2241.39,Overboeking
630,761,2025-01-02,376.07,Contant
631,763,2025-08-04,2192.83,Automatische incasso
632,764,2023-08-30,1293.36,PIN
633,765,2024-08-09,2169.05,iDEAL
634,766,2023-09-16,744.15,Overboeking
635,767,2025-08-17,8455.61,Automatische incasso
636,768,2026-01-05,1178.43,PIN
637,769,2024-08-19,239.52,Overboeking
638,770,2024-07-14,7355.1,Automatische incasso
639,771,2023-12-18,2611.78,iDEAL
640,772,2024-04-20,428.58,PIN
641,773,2025-10-16,2593.63,Automatische incasso
642,774,2025-07-16,2013.56,Contant
643,775,2024-11-28,3036.86,Contant
644,776,2023-06-17,2847.97,Automatische incasso
645,778,2024-05-11,484.6,Automatische incasso
646,779,2026-04-28,936.06,PIN
647,780,2026-03-04,903.5,Contant
648,782,2025-07-12,1321.32,Overboeking
649,783,2025-09-20,5616.22,Overboeking
650,784,2025-05-15,121.24,Automatische incasso
651,786,2023-07-30,1735.5,iDEAL
652,788,2023-12-14,3394.29,iDEAL
653,789,2025-05-02,710.27,Automatische incasso
654,792,2025-09-16,2430.05,Overboeking
655,794,2024-07-20,499.73,PIN
656,795,2023-04-12,619.52,PIN
657,796,2023-09-27,7356.01,Automatische incasso
658,797,2023-04-20,21.6,Contant
659,798,2023-08-26,1756.92,Automatische incasso
660,799,2024-06-25,2097.65,Automatische incasso
661,800,2025-08-26,381.15,Contant
662,801,2023-06-07,2569.25,Contant
663,802,2025-10-19,1661.93,Automatische incasso
664,803,2023-04-18,1913.37,iDEAL
665,804,2023-11-08,1253.08,Automatische incasso
666,806,2025-07-26,6757.96,Contant
667,809,2026-05-20,3121.37,Contant
668,812,2025-12-02,160.51,PIN
669,813,2026-04-03,700.95,iDEAL
670,814,2026-01-25,302.5,iDEAL
671,815,2024-08-14,1452.72,Automatische incasso
672,816,2026-02-04,5049.33,PIN
673,817,2024-09-03,1635.31,PIN
674,818,2024-10-13,5665.65,Automatische incasso
675,819,2024-12-22,1072.79,Automatische incasso
676,820,2023-07-08,2118.23,Contant
677,821,2023-10-23,432.58,iDEAL
678,824,2025-08-04,3543.48,Automatische incasso
679,825,2026-05-20,899.09,PIN
680,826,2023-11-13,1665.81,PIN
681,827,2024-02-13,4060.03,iDEAL
682,828,2024-06-27,6053.02,Automatische incasso
683,829,2025-11-26,972.35,Overboeking
684,830,2025-09-09,599.68,Contant
685,831,2023-08-13,3817.55,PIN
686,832,2023-06-17,1713.06,PIN
687,833,2024-07-20,855.35,Automatische incasso
688,834,2025-07-12,7506.54,Overboeking
689,835,2023-07-22,2234.15,iDEAL
690,836,2023-04-11,1265.78,Contant
691,837,2025-02-17,1804.58,Automatische incasso
692,838,2024-08-13,622.65,Contant
693,840,2023-09-24,2957.66,Overboeking
694,841,2025-02-08,1006.0,iDEAL
695,843,2024-04-27,997.88,Contant
696,844,2025-11-14,6099.86,PIN
697,845,2023-08-27,1018.94,Overboeking
698,847,2026-04-28,462.46,Overboeking
699,849,2026-04-06,2701.32,Overboeking
700,850,2026-01-12,3564.05,iDEAL
701,851,2024-10-22,1457.45,Contant
702,853,2023-10-02,2755.17,iDEAL
703,854,2024-06-27,1679.48,Overboeking
704,856,2025-08-12,1647.9,Contant
705,857,2024-05-10,103.33,Automatische incasso
706,858,2023-12-28,431.24,Contant
707,859,2023-10-23,713.54,Contant
708,860,2023-04-23,974.53,Contant
709,861,2024-05-04,3217.99,Overboeking
710,862,2024-12-01,4442.15,PIN
711,863,2024-07-19,6595.47,Automatische incasso
712,864,2025-03-16,4733.52,Automatische incasso
713,865,2024-07-09,4292.47,Automatische incasso
714,866,2026-04-16,241.39,Contant
715,867,2024-08-16,3680.27,Overboeking
716,868,2023-06-20,275.52,Overboeking
717,869,2024-03-28,1144.66,PIN
718,870,2023-04-07,6089.2,iDEAL
719,872,2024-02-16,4647.6,Automatische incasso
720,873,2023-09-19,4416.5,Overboeking
721,874,2023-12-27,1138.3,Overboeking
722,875,2026-05-20,156.33,Overboeking
723,879,2025-07-09,603.18,Overboeking
724,880,2024-08-12,112.11,Automatische incasso
725,881,2025-07-29,1306.19,Contant
726,882,2025-07-17,2526.43,iDEAL
727,883,2025-11-27,4939.51,iDEAL
728,884,2023-06-20,2083.62,Automatische incasso
729,885,2024-01-19,143.75,PIN
730,886,2023-08-18,5947.76,iDEAL
731,887,2023-04-20,1313.45,iDEAL
732,888,2025-01-26,1244.01,iDEAL
733,889,2024-01-08,1731.45,Overboeking
734,890,2023-03-09,1032.37,Automatische incasso
735,891,2023-12-16,4974.31,Contant
736,892,2024-04-05,4120.3,Automatische incasso
737,893,2024-09-14,1027.96,Overboeking
738,894,2023-08-11,2251.51,iDEAL
739,895,2023-12-19,735.07,iDEAL
740,896,2025-05-07,2276.62,PIN
741,897,2024-04-23,290.51,Overboeking
742,898,2024-10-13,1140.42,Contant
743,899,2024-10-14,4003.76,Contant
744,900,2024-06-19,1607.12,Contant
745,901,2025-02-24,1120.58,PIN
746,902,2024-03-11,151.01,Overboeking
747,903,2024-12-17,32.06,Automatische incasso
748,904,2025-11-08,2107.58,PIN
749,905,2025-06-18,4.54,PIN
750,906,2025-09-15,2657.16,iDEAL
751,908,2023-08-12,775.0,Contant
752,909,2025-06-29,3169.18,Automatische incasso
753,911,2024-09-12,2017.67,iDEAL
754,912,2026-04-30,5842.0,Contant
755,913,2023-04-29,1117.91,iDEAL
756,914,2025-03-28,8.65,Contant
757,915,2024-05-19,6532.78,Automatische incasso
758,917,2024-01-07,203.28,Automatische incasso
759,918,2024-09-15,796.3,Contant
760,919,2023-04-01,7782.23,Automatische incasso
761,920,2024-02-04,2316.54,Overboeking
762,921,2025-11-07,1225.85,Contant
763,922,2023-06-08,4588.44,PIN
764,923,2024-05-13,2777.2,iDEAL
765,924,2023-07-11,718.74,Contant
766,925,2024-03-06,1641.12,iDEAL
767,926,2023-08-25,319.44,iDEAL
768,927,2025-02-13,2976.6,Contant
769,929,2025-08-21,1231.05,Overboeking
770,931,2025-04-07,1642.57,Overboeking
771,932,2023-08-05,1325.19,iDEAL
772,933,2023-11-18,670.47,Overboeking
773,934,2025-07-19,4043.57,Overboeking
774,935,2024-01-21,4200.09,Contant
775,936,2024-10-28,870.54,Automatische incasso
776,937,2025-08-13,6630.92,Contant
777,938,2025-01-05,1771.44,Automatische incasso
778,939,2023-11-14,56.57,PIN
779,940,2023-10-30,10.28,iDEAL
780,941,2023-08-14,1347.33,iDEAL
781,942,2023-10-01,31.16,PIN
782,943,2025-02-27,2420.6,PIN
783,944,2025-11-16,4047.26,iDEAL
784,947,2023-10-31,2245.21,Contant
785,948,2026-05-12,1736.29,iDEAL
786,949,2024-04-12,1859.76,Overboeking
787,950,2023-03-21,2133.23,PIN
788,951,2025-10-07,1363.43,PIN
789,952,2025-02-01,2060.81,iDEAL
790,954,2024-02-11,421.38,PIN
791,955,2023-10-18,1124.69,Contant
792,956,2025-11-29,4648.03,iDEAL
793,957,2025-03-27,3301.12,PIN
794,958,2023-06-01,545.1,Overboeking
795,959,2024-04-14,3229.97,Contant
796,960,2023-06-06,2028.07,Automatische incasso
797,962,2024-12-23,2255.37,Overboeking
798,963,2023-12-25,1213.63,Contant
799,965,2023-06-27,8292.13,Contant
800,966,2025-05-27,1164.93,Overboeking
801,967,2023-03-10,348.72,iDEAL
802,969,2026-03-28,2769.08,PIN
803,971,2025-07-05,5940.14,PIN
804,972,2024-11-08,513.77,Automatische incasso
805,973,2025-08-02,7972.7,Overboeking
806,974,2025-05-28,4145.93,Contant
807,975,2023-04-07,3705.07,Automatische incasso
808,976,2025-05-28,3143.7,Automatische incasso
809,977,2023-09-24,5728.61,Contant
810,978,2023-12-20,1035.14,Overboeking
811,979,2026-03-13,4527.09,Overboeking
812,980,2023-04-18,3340.44,Overboeking
813,981,2025-09-07,1759.34,Contant
814,982,2026-03-24,1018.22,PIN
815,984,2025-08-09,1053.06,Contant
816,985,2023-10-22,1192.39,PIN
817,986,2025-03-04,566.28,Contant
818,987,2023-12-04,5238.33,PIN
819,988,2024-07-01,3993.61,iDEAL
820,990,2025-02-08,3063.6,PIN
821,991,2023-11-15,4436.82,Contant
822,993,2024-03-16,1525.44,Contant
823,995,2023-11-23,761.09,Automatische incasso
824,996,2025-02-05,4018.41,Overboeking
825,997,2024-03-12,696.72,Automatische incasso
826,998,2023-09-01,2077.09,Contant
827,999,2025-04-21,4645.19,Contant
828,1000,2024-02-07,1451.09,Overboeking
829,1001,2023-11-24,5127.79,Automatische incasso
830,1002,2023-04-15,2353.45,iDEAL
831,1003,2023-02-04,892.98,iDEAL
832,1004,2024-10-18,4417.11,Contant
833,1006,2023-12-12,479.16,Overboeking
834,1007,2024-08-07,72.6,PIN
835,1008,2025-12-27,2772.35,Overboeking
836,1009,2024-03-25,470.93,Overboeking
837,1010,2026-04-23,2338.07,PIN
838,1011,2023-03-08,2853.35,Automatische incasso
839,1012,2023-05-24,1098.07,Automatische incasso
840,1013,2024-02-11,324.52,PIN
841,1014,2025-01-11,1664.59,Overboeking
842,1015,2025-12-15,2536.76,Automatische incasso
843,1016,2024-07-29,3773.98,Automatische incasso
844,1017,2026-05-13,651.71,Automatische incasso
845,1018,2025-05-01,439.47,PIN
846,1019,2024-05-23,2188.89,Overboeking
847,1021,2023-11-09,2193.61,iDEAL
848,1022,2024-11-01,3615.17,Overboeking
849,1024,2024-03-05,530.95,PIN
850,1025,2025-10-02,777.43,Contant
851,1028,2024-09-06,2138.31,iDEAL
852,1029,2025-11-19,2403.49,Contant
853,1030,2025-06-30,2139.4,Contant
854,1032,2023-03-13,7753.44,Automatische incasso
855,1033,2025-05-31,780.2,iDEAL
856,1034,2023-05-11,1078.71,PIN
857,1035,2025-11-25,298.2,Overboeking
858,1036,2024-04-05,5185.27,PIN
859,1038,2024-02-15,2116.89,Automatische incasso
860,1041,2026-05-20,278.3,iDEAL
861,1042,2024-10-11,2650.69,Overboeking
862,1044,2023-06-11,3814.53,Overboeking
863,1047,2025-07-02,1273.04,iDEAL
864,1048,2026-04-22,2322.94,PIN
865,1049,2024-02-26,1574.1,iDEAL
866,1052,2025-03-22,147.02,PIN
867,1053,2023-07-22,1366.88,Automatische incasso
868,1054,2023-04-01,3414.01,Overboeking
869,1055,2024-12-13,3181.82,Contant
870,1056,2023-02-15,1440.45,Contant
871,1058,2025-05-22,3.93,Contant
872,1060,2024-09-23,2825.96,Contant
873,1061,2023-04-28,256.52,Overboeking
874,1062,2024-01-23,1377.71,Contant
875,1063,2025-05-20,4422.18,Overboeking
876,1064,2024-06-28,5743.02,Overboeking
877,1065,2024-08-24,2834.42,Automatische incasso
878,1067,2025-12-02,1457.44,Contant
879,1068,2023-09-29,4708.84,PIN
880,1069,2026-01-12,338.2,Automatische incasso
881,1070,2024-03-24,433.78,iDEAL
882,1071,2025-09-09,207.52,Automatische incasso
883,1074,2025-04-30,2820.27,iDEAL
884,1075,2024-04-06,2444.99,PIN
885,1076,2023-12-17,255.55,Overboeking
886,1077,2024-06-20,397.73,Contant
887,1078,2024-05-20,1236.32,PIN
888,1079,2025-09-16,1067.83,Overboeking
889,1081,2026-01-09,4736.77,PIN
890,1082,2025-03-25,1266.14,iDEAL
891,1083,2024-12-21,3548.4,PIN
892,1084,2025-06-21,838.23,Overboeking
893,1085,2025-01-01,5408.7,Automatische incasso
894,1086,2025-12-09,963.17,Overboeking
895,1087,2025-05-02,364.09,Contant
896,1088,2026-05-17,2239.71,Automatische incasso
897,1089,2025-05-17,2581.65,Overboeking
898,1090,2024-03-26,1296.63,PIN
899,1091,2026-01-19,831.99,iDEAL
900,1092,2023-08-07,4359.86,iDEAL
901,1093,2023-10-02,1161.6,Automatische incasso
902,1094,2025-04-12,3878.36,Contant
903,1095,2023-05-23,2183.68,Contant
904,1096,2025-04-19,1911.92,Contant
905,1097,2023-06-23,9975.24,iDEAL
906,1098,2023-07-05,3707.32,Overboeking
907,1099,2024-04-02,1595.02,PIN
908,1100,2025-09-13,2256.41,Contant
909,1102,2025-11-20,1833.51,Overboeking
910,1103,2023-07-15,36.9,PIN
911,1104,2025-02-27,1232.99,PIN
912,1105,2025-06-30,360.82,Overboeking
913,1106,2023-12-05,805.86,PIN
914,1109,2025-03-03,8528.99,PIN
915,1110,2024-07-25,2178.0,Automatische incasso
916,1111,2024-06-01,4710.89,Overboeking
917,1112,2023-09-08,1960.2,Automatische incasso
918,1113,2023-06-07,143.93,Overboeking
919,1114,2023-03-15,3707.91,Contant
920,1115,2026-03-04,2283.75,Contant
921,1116,2025-01-07,541.84,PIN
922,1117,2025-07-09,1393.31,Overboeking
923,1118,2024-08-10,188.4,Contant
924,1119,2025-09-27,1661.69,iDEAL
925,1122,2024-06-10,332.02,Overboeking
926,1124,2025-12-27,1495.56,Automatische incasso
927,1125,2025-12-23,934.12,PIN
928,1126,2026-05-09,3848.53,iDEAL
929,1127,2024-08-30,640.21,iDEAL
930,1128,2025-07-04,1747.36,Automatische incasso
931,1130,2024-01-15,385.51,PIN
932,1132,2024-12-22,3055.72,PIN
933,1133,2024-03-19,3218.6,Automatische incasso
934,1134,2025-08-11,146.11,PIN
935,1135,2025-11-18,3141.28,Overboeking
936,1136,2025-12-13,467.72,PIN
937,1138,2025-10-23,849.85,Contant
938,1139,2023-04-03,3003.82,Overboeking
939,1141,2023-06-16,642.64,PIN
940,1142,2023-08-16,4129.19,Contant
941,1143,2023-12-09,585.94,Contant
942,1144,2024-06-10,984.94,Contant
943,1145,2025-11-18,567.18,Contant
944,1146,2025-05-30,5.14,Contant
945,1147,2024-08-05,3188.47,iDEAL
946,1148,2026-05-20,2656.67,Overboeking
947,1150,2025-07-25,485.21,Overboeking
948,1152,2023-11-10,125.36,iDEAL
949,1153,2024-02-27,163.59,iDEAL
950,1154,2024-11-25,867.33,Contant
951,1155,2024-08-21,1209.21,iDEAL
952,1156,2024-03-18,1809.54,PIN
953,1157,2023-11-05,45.74,Automatische incasso
954,1158,2024-09-23,203.28,Overboeking
955,1160,2025-05-07,6012.67,iDEAL
956,1161,2024-04-16,1677.29,Contant
957,1163,2024-07-24,877.01,PIN
958,1164,2024-07-02,2649.42,iDEAL
959,1166,2024-03-07,1651.64,Overboeking
960,1167,2026-01-03,221.37,Contant
961,1168,2026-03-28,154.03,iDEAL
962,1169,2025-05-23,3961.54,Automatische incasso
963,1171,2025-07-01,2977.08,Contant
964,1172,2025-11-08,2733.5,Overboeking
965,1176,2024-01-12,1766.84,iDEAL
966,1177,2024-02-03,831.4,Overboeking
967,1178,2024-06-26,2892.5,Automatische incasso
968,1179,2024-08-01,4137.66,Automatische incasso
969,1180,2024-08-09,5979.81,iDEAL
970,1181,2024-05-31,2702.17,iDEAL
971,1183,2024-05-06,2074.18,iDEAL
972,1184,2023-05-16,144.47,Contant
973,1185,2024-10-19,324.39,iDEAL
974,1186,2025-05-23,153.55,Automatische incasso
975,1187,2025-09-14,1233.46,PIN
976,1188,2023-06-07,279.51,Automatische incasso
977,1189,2025-08-29,1825.58,Automatische incasso
978,1190,2025-05-11,4547.3,iDEAL
979,1191,2023-10-09,279.51,Automatische incasso
980,1193,2025-05-15,5051.81,PIN
981,1194,2025-03-29,233.77,Overboeking
982,1197,2023-12-29,865.39,Automatische incasso
983,1198,2024-11-21,728.9,PIN
984,1199,2023-10-05,2692.73,Contant
985,1200,2024-07-03,663.08,iDEAL
986,1201,2024-08-04,120.27,iDEAL
987,1203,2024-05-20,546.92,PIN
988,1204,2025-07-01,1120.03,Automatische incasso
989,1205,2025-12-10,2979.51,PIN
990,1206,2023-08-05,2540.4,Automatische incasso
991,1207,2024-08-02,67.76,PIN
992,1208,2026-05-20,1187.97,PIN
993,1209,2025-05-24,4062.46,PIN
994,1211,2025-09-15,3725.72,Contant
995,1212,2025-07-22,2012.72,Automatische incasso
996,1213,2023-09-09,59.65,Overboeking
997,1214,2024-08-22,149.13,iDEAL
998,1215,2026-03-26,5264.1,Automatische incasso
999,1216,2025-11-29,3306.5,Overboeking
1000,1217,2023-11-22,6578.89,Contant
1001,1218,2026-02-14,3224.94,PIN
1002,1219,2026-04-16,2889.48,Contant
1003,1223,2024-05-28,2568.23,iDEAL
1004,1224,2024-10-31,2315.21,iDEAL
1005,1225,2023-03-24,5339.72,Overboeking
1006,1226,2026-01-10,495.49,Overboeking
1007,1227,2023-04-22,3231.79,Contant
1008,1228,2025-07-11,1388.58,PIN
1009,1229,2023-08-02,1719.53,Automatische incasso
1010,1231,2023-12-30,2807.02,PIN
1011,1232,2023-10-15,4.84,Contant
1012,1233,2024-05-16,2406.74,Contant
1013,1235,2023-08-21,1275.71,Overboeking
1014,1236,2023-03-13,3990.58,Automatische incasso
1015,1237,2026-02-01,1841.01,PIN
1016,1238,2025-02-09,910.89,PIN
1017,1239,2024-08-10,1057.05,PIN
1018,1240,2025-01-15,580.19,Automatische incasso
1019,1241,2025-02-19,856.87,iDEAL
1020,1242,2024-08-28,5353.16,PIN
1021,1244,2025-04-14,8055.15,Overboeking
1022,1247,2023-11-30,1307.16,Contant
1023,1248,2024-04-10,3465.2,Contant
1024,1249,2025-07-23,2768.24,Overboeking
1025,1250,2024-07-12,281.32,Contant
1026,1251,2025-06-18,1482.86,Overboeking
1027,1252,2025-06-24,1931.52,iDEAL
1028,1253,2025-03-17,2531.44,Contant
1029,1255,2024-04-26,1678.57,Overboeking
1030,1256,2025-08-04,1434.58,PIN
1031,1257,2026-03-05,6112.25,Automatische incasso
1032,1258,2026-02-28,3727.27,PIN
1033,1259,2025-09-26,962.86,Automatische incasso
1034,1260,2025-09-15,1237.71,Contant
1035,1261,2023-11-05,319.44,Contant
1036,1262,2023-11-14,1250.41,Automatische incasso
1037,1264,2026-03-17,2233.54,Overboeking
1038,1265,2023-07-02,1669.67,PIN
1039,1266,2024-09-04,1141.27,Overboeking
1040,1267,2025-11-06,1432.15,PIN
1041,1269,2026-01-07,3078.24,Automatische incasso
1042,1270,2026-02-20,1508.51,PIN
1043,1273,2025-01-31,459.74,iDEAL
1044,1274,2023-04-14,1824.68,iDEAL
1045,1276,2024-04-23,8351.55,Contant
1046,1277,2024-01-14,1023.06,Automatische incasso
1047,1278,2026-05-20,2779.86,Automatische incasso
1048,1280,2025-06-06,3026.93,Contant
1049,1281,2025-06-10,1304.38,Automatische incasso
1050,1282,2025-03-27,1141.87,PIN
1051,1283,2023-11-04,1377.1,iDEAL
1052,1285,2023-12-04,167.89,Automatische incasso
1053,1286,2023-07-25,7089.15,Contant
1054,1287,2024-09-06,589.88,PIN
1055,1289,2025-09-06,526.28,iDEAL
1056,1290,2025-09-19,2318.98,PIN
1057,1291,2025-11-25,73.08,Overboeking
1058,1292,2026-05-20,3360.59,iDEAL
1059,1295,2025-05-21,3981.38,PIN
1060,1296,2023-05-14,5509.06,PIN
1061,1297,2023-07-18,7023.14,Overboeking
1062,1298,2024-06-30,1316.48,Automatische incasso
1063,1300,2025-12-26,4192.89,Automatische incasso
1064,1301,2026-05-11,1895.1,Contant
1065,1303,2024-07-06,989.9,Automatische incasso
1066,1304,2023-10-10,4255.03,PIN
1067,1305,2026-01-01,1724.85,iDEAL
1068,1306,2024-02-11,101.28,iDEAL
1069,1307,2023-10-18,3746.94,PIN
1070,1308,2023-05-12,71.57,Overboeking
1071,1309,2025-10-31,5109.22,Overboeking
1072,1310,2023-04-22,1266.26,Overboeking
1073,1311,2024-05-03,286.64,PIN
1074,1312,2024-08-28,1367.29,Automatische incasso
1075,1313,2026-03-03,597.91,PIN
1076,1314,2024-05-29,536.39,Contant
1077,1315,2024-06-14,55.97,Automatische incasso
1078,1316,2023-04-05,2702.41,PIN
1079,1318,2026-02-01,809.49,Contant
1080,1319,2026-02-06,7177.48,Overboeking
1081,1320,2025-08-27,2327.37,PIN
1082,1321,2023-02-12,4598.25,Automatische incasso
1083,1322,2026-02-27,827.64,Contant
1084,1324,2024-08-09,2310.49,PIN
1085,1325,2023-11-12,288.95,PIN
1086,1326,2024-09-24,6185.52,Contant
1087,1327,2024-12-04,2455.51,Automatische incasso
1088,1329,2025-01-18,2961.12,Automatische incasso
1089,1330,2025-10-15,275.03,iDEAL
1090,1331,2025-07-16,432.22,Automatische incasso
1091,1332,2024-11-06,168.67,Overboeking
1092,1333,2023-05-07,1276.92,PIN
1093,1334,2026-04-14,1570.71,Contant
1094,1335,2023-11-15,1756.74,PIN
1095,1337,2023-12-07,62.44,Overboeking
1096,1338,2025-05-14,3501.49,Contant
1097,1340,2025-06-11,1438.45,Contant
1098,1341,2024-03-17,768.35,Contant
1099,1342,2023-05-29,547.58,PIN
1100,1343,2024-03-04,1739.0,Automatische incasso
1101,1346,2026-02-06,279.27,Overboeking
1102,1347,2024-06-11,2015.74,Contant
1103,1348,2025-11-04,4143.17,Contant
1104,1349,2023-12-30,1828.07,Contant
1105,1350,2025-07-14,2655.46,Contant
1106,1351,2023-06-08,179.2,Contant
1107,1354,2024-09-18,390.1,iDEAL
1108,1355,2024-02-18,3348.31,PIN
1109,1356,2025-02-15,1475.59,Overboeking
1110,1357,2025-06-19,1049.38,PIN
1111,1358,2024-12-17,1352.42,iDEAL
1112,1359,2024-10-28,3321.38,iDEAL
1113,1361,2024-04-14,1558.3,PIN
1114,1362,2025-06-23,2672.16,Automatische incasso
1115,1363,2026-04-28,6409.49,iDEAL
1116,1364,2024-02-14,5656.75,Contant
1117,1366,2025-10-11,139.03,PIN
1118,1367,2025-07-31,2670.3,PIN
1119,1369,2026-01-26,512.13,Overboeking
1120,1371,2025-05-21,22.08,Automatische incasso
1121,1373,2025-01-25,2418.18,Overboeking
1122,1374,2023-06-30,4199.19,Overboeking
1123,1375,2024-11-12,2913.67,Overboeking
1124,1376,2024-02-29,952.88,PIN
1125,1377,2023-10-01,2766.42,PIN
1126,1378,2025-08-03,3238.56,Contant
1127,1379,2023-06-15,1404.45,PIN
1128,1380,2026-03-22,1779.3,PIN
1129,1382,2023-06-09,5266.04,Automatische incasso
1130,1383,2025-08-30,1509.6,iDEAL
1131,1384,2025-09-08,495.49,iDEAL
1132,1386,2023-06-29,3137.54,Contant
1133,1387,2024-12-11,5007.47,Contant
1134,1389,2023-08-21,4597.7,Contant
1135,1390,2024-09-22,856.44,Automatische incasso
1136,1391,2025-12-28,1759.7,Contant
1137,1394,2025-10-28,1218.71,Automatische incasso
1138,1395,2024-03-25,725.39,Automatische incasso
1139,1396,2025-10-25,3749.78,iDEAL
1140,1397,2024-04-03,1413.65,Overboeking
1141,1400,2023-04-18,1252.35,Overboeking
1142,1401,2025-12-17,304.92,Overboeking
1143,1403,2024-11-02,1039.15,PIN
1144,1405,2023-08-07,4676.76,Automatische incasso
1145,1406,2023-12-08,982.51,PIN
1146,1407,2024-08-18,1505.67,Overboeking
1147,1408,2024-08-21,5763.16,PIN
1148,1409,2025-02-18,35.57,iDEAL
1149,1410,2025-03-24,275.7,Overboeking
1150,1411,2024-11-24,2747.54,PIN
1151,1412,2024-09-16,1396.7,PIN
1152,1413,2023-10-15,5836.55,iDEAL
1153,1414,2024-07-01,206.67,Automatische incasso
1154,1415,2026-01-01,3735.75,iDEAL
1155,1416,2024-01-18,718.73,iDEAL
1156,1417,2023-04-13,2655.22,Overboeking
1157,1418,2024-07-16,3329.31,Automatische incasso
1158,1419,2023-08-29,3762.86,iDEAL
1159,1422,2025-09-07,1451.76,Contant
1160,1423,2025-07-26,1880.82,Contant
1161,1424,2025-04-08,175.33,Contant
1162,1425,2025-07-18,4100.75,PIN
1163,1426,2024-07-02,834.53,iDEAL
1164,1427,2024-11-30,125.23,PIN
1165,1428,2025-01-28,3663.14,Automatische incasso
1166,1429,2024-09-14,177.87,iDEAL
1167,1431,2025-06-04,2221.56,Automatische incasso
1168,1432,2026-05-20,1110.66,Contant
1169,1433,2024-04-05,5956.22,iDEAL
1170,1434,2026-03-18,1292.21,iDEAL
1171,1436,2024-11-30,3031.65,PIN
1172,1437,2024-12-27,562.41,Contant
1173,1438,2026-03-26,79.13,Automatische incasso
1174,1439,2023-04-26,2391.8,iDEAL
1175,1441,2025-02-10,1239.03,Contant
1176,1442,2025-07-21,3098.56,PIN
1177,1443,2023-12-06,887.06,Automatische incasso
1178,1444,2026-03-27,9917.63,Contant
1179,1446,2025-01-03,34.18,iDEAL
1180,1447,2023-10-09,128.74,Contant
1181,1448,2025-01-18,3102.74,iDEAL
1182,1449,2025-10-09,3632.79,Automatische incasso
1183,1450,2025-02-27,2241.88,Automatische incasso
1184,1451,2025-05-22,1839.19,Overboeking
1185,1452,2023-07-28,1056.81,Automatische incasso
1186,1453,2023-03-27,1493.74,PIN
1187,1455,2024-03-20,2873.62,Overboeking
1188,1457,2025-04-27,956.38,Automatische incasso
1189,1458,2024-09-16,7635.34,Contant
1190,1460,2024-09-09,2000.73,iDEAL
1191,1461,2026-02-07,1203.47,PIN
1192,1462,2026-03-15,2201.11,iDEAL
1193,1463,2026-04-26,619.65,iDEAL
1194,1465,2026-04-09,5998.69,Overboeking
1195,1466,2025-12-08,780.45,Overboeking
1196,1467,2026-01-04,2001.65,Automatische incasso
1197,1468,2026-01-03,754.43,Overboeking
1198,1469,2024-04-28,533.61,PIN
1199,1470,2023-09-15,3698.06,Automatische incasso
1200,1471,2025-05-24,3605.31,iDEAL
1201,1472,2026-05-03,7298.24,iDEAL
1202,1473,2023-05-03,319.44,PIN
1203,1474,2026-04-15,213.44,Contant
1204,1476,2024-06-08,3100.5,Automatische incasso
1205,1477,2023-12-22,1614.74,Overboeking
1206,1478,2025-04-07,2914.89,Contant
1207,1480,2024-06-16,4259.8,Contant
1208,1481,2023-03-19,1264.45,Contant
1209,1482,2025-09-19,1784.57,Automatische incasso
1210,1483,2023-07-10,1733.68,PIN
1211,1484,2025-01-09,2524.61,Contant
1212,1485,2023-01-25,1285.02,Automatische incasso
1213,1486,2023-07-31,1447.16,Overboeking
1214,1487,2025-04-18,1557.38,Automatische incasso
1215,1489,2025-12-03,45.01,PIN
1216,1490,2024-10-27,472.75,Contant
1217,1491,2023-12-19,136.79,iDEAL
1218,1492,2023-08-14,1093.3,PIN
1219,1493,2025-11-17,5924.28,Overboeking
1220,1494,2025-10-19,1569.19,PIN
1221,1495,2024-05-25,1711.78,Automatische incasso
1222,1496,2023-04-17,2423.02,Automatische incasso
1223,1497,2024-06-24,4229.43,iDEAL
1224,1498,2023-11-21,44.77,iDEAL
1225,1499,2024-10-23,108.9,Overboeking
1226,1500,2026-04-20,1164.14,Contant
1227,1501,2023-11-15,1145.26,PIN
1228,1502,2023-10-22,3102.07,Overboeking
1229,1503,2025-04-09,2709.31,Contant
1230,1504,2023-07-22,3342.25,Contant
1231,1506,2025-04-16,1652.85,iDEAL
1232,1507,2025-05-01,8163.51,Overboeking
1233,1508,2025-01-08,2277.46,Contant
1234,1510,2024-12-13,1939.87,Overboeking
1235,1511,2024-06-14,378.97,PIN
1236,1512,2025-06-27,3861.11,PIN
1237,1514,2024-09-13,406.08,PIN
1238,1515,2024-11-10,3770.42,Automatische incasso
1239,1516,2025-01-13,2218.05,iDEAL
1240,1517,2025-12-29,998.25,PIN
1241,1518,2023-09-03,6339.68,Automatische incasso
1242,1519,2025-01-05,1890.49,iDEAL
1243,1520,2026-02-10,5540.11,Contant
1244,1521,2024-04-09,2703.14,Overboeking
1245,1522,2023-12-28,6253.58,PIN
1246,1523,2024-06-02,1531.86,Contant
1247,1524,2026-01-16,7557.06,iDEAL
1248,1526,2025-07-06,5245.33,Contant
1249,1527,2023-10-08,83.25,PIN
1250,1528,2024-04-26,747.06,PIN
1251,1529,2023-10-02,3050.82,Contant
1252,1530,2023-10-19,1834.96,PIN
1253,1531,2023-11-13,5768.55,iDEAL
1254,1533,2025-10-21,5659.54,iDEAL
1255,1534,2025-10-31,2585.76,Overboeking
1256,1535,2025-07-31,267.59,Contant
1257,1536,2025-11-26,3755.96,Automatische incasso
1258,1537,2025-02-10,1605.68,Contant
1259,1540,2023-11-30,650.5,iDEAL
1260,1541,2024-03-18,7509.86,PIN
1261,1542,2025-04-01,1862.55,Contant
1262,1543,2023-06-22,2315.51,iDEAL
1263,1544,2025-08-23,873.01,PIN
1264,1545,2024-05-03,1515.52,iDEAL
1265,1546,2023-03-16,5129.43,PIN
1266,1547,2024-02-12,2423.88,Automatische incasso
1267,1548,2025-03-15,5988.04,PIN
1268,1549,2025-02-08,541.89,Contant
1269,1550,2023-06-13,1500.15,PIN
1270,1551,2026-03-08,3055.48,Overboeking
1271,1553,2025-08-03,412.37,PIN
1272,1554,2023-12-07,1612.32,Overboeking
1273,1555,2025-05-08,4081.7,iDEAL
1274,1556,2024-12-12,2337.97,PIN
1275,1557,2025-04-25,1876.11,Contant
1276,1558,2025-12-12,892.98,iDEAL
1277,1559,2023-10-06,3018.58,Contant
1278,1560,2025-12-02,1504.02,Automatische incasso
1279,1562,2026-03-18,2400.38,iDEAL
1280,1563,2023-08-20,1296.64,Contant
1281,1564,2024-12-16,3784.15,iDEAL
1282,1565,2023-08-30,10164.59,Overboeking
1283,1566,2023-06-09,800.96,Automatische incasso
1284,1568,2023-04-10,254.1,Contant
1285,1569,2023-02-08,1164.62,Overboeking
1286,1572,2024-01-06,3320.05,Automatische incasso
1287,1575,2025-03-14,3666.3,Contant
1288,1576,2023-09-30,714.26,PIN
1289,1577,2024-08-04,5508.89,Contant
1290,1579,2025-10-22,2090.63,PIN
1291,1581,2026-05-12,6307.37,PIN
1292,1582,2023-03-06,1995.47,Automatische incasso
1293,1583,2024-10-21,1116.83,PIN
1294,1584,2024-11-17,193.36,PIN
1295,1585,2024-09-20,3532.6,Contant
1296,1586,2023-06-22,315.09,iDEAL
1297,1587,2023-11-23,124.27,PIN
1298,1588,2024-05-19,5070.02,Contant
1299,1589,2026-04-12,3017.26,Overboeking
1300,1590,2024-10-25,523.32,Automatische incasso
1301,1591,2024-07-13,1345.03,iDEAL
1302,1593,2023-07-20,4396.53,Automatische incasso
1303,1594,2024-09-19,5386.18,iDEAL
1304,1595,2025-08-05,5345.77,Automatische incasso
1305,1596,2025-06-07,6042.01,iDEAL
1306,1597,2025-11-08,293.36,iDEAL
1307,1598,2024-11-06,386.59,iDEAL
1308,1599,2026-02-09,4678.89,iDEAL
1309,1600,2026-01-02,118.7,Contant
1310,1601,2023-10-11,2320.78,Automatische incasso
1311,1602,2024-12-10,1541.53,PIN
1312,1606,2024-04-28,189.49,PIN
1313,1608,2024-02-20,828.42,Overboeking
1314,1610,2025-06-23,89.84,Overboeking
1315,1611,2025-03-09,1495.56,Contant
1316,1612,2024-05-06,4135.77,PIN
1317,1613,2026-02-20,1655.28,Overboeking
1318,1614,2023-02-25,2401.85,Automatische incasso
1319,1616,2024-12-28,1999.28,Overboeking
1320,1617,2023-06-02,370.26,PIN
1321,1618,2024-07-03,4087.86,Contant
1322,1619,2023-10-16,1612.31,iDEAL
1323,1622,2026-05-20,3038.79,PIN
1324,1623,2026-05-04,4114.6,PIN
1325,1624,2023-10-19,2414.5,Contant
1326,1625,2025-09-15,1223.91,Overboeking
1327,1626,2024-08-22,1937.21,Overboeking
1328,1627,2024-11-09,3745.56,Automatische incasso
1329,1628,2023-07-27,1716.02,Contant
1330,1629,2024-06-09,86.15,Overboeking
1331,1630,2025-09-06,1954.75,Contant
1332,1631,2025-02-13,2134.44,Automatische incasso
1333,1632,2025-12-01,602.22,iDEAL
1334,1633,2025-07-09,2104.42,Automatische incasso
1335,1634,2024-07-20,3456.73,Overboeking
1336,1635,2023-10-16,5965.72,PIN
1337,1637,2025-06-19,683.89,Overboeking
1338,1638,2023-07-16,7729.85,iDEAL
1339,1639,2025-05-13,1042.04,Automatische incasso
1340,1640,2025-08-08,1520.48,PIN
1341,1641,2025-08-24,1915.67,Automatische incasso
1342,1643,2025-07-01,2912.22,iDEAL
1343,1644,2025-08-05,2355.08,PIN
1344,1645,2025-01-31,2626.72,iDEAL
1345,1646,2024-05-31,42.35,PIN
1346,1647,2024-07-26,1655.28,PIN
1347,1648,2024-11-15,2242.07,Automatische incasso
1348,1650,2026-04-19,2986.51,Overboeking
1349,1651,2025-12-29,2058.03,Automatische incasso
1350,1652,2024-10-25,746.93,Contant
1351,1653,2025-07-11,18.09,Overboeking
1352,1654,2024-01-10,2389.15,Overboeking
1353,1655,2023-05-23,1481.52,PIN
1354,1657,2026-05-20,7164.89,Contant
1355,1658,2023-03-13,601.13,iDEAL
1356,1659,2025-06-25,1385.32,PIN
1357,1662,2025-07-15,2394.23,Contant
1358,1663,2023-05-09,8409.43,PIN
1359,1664,2024-08-29,264.26,Automatische incasso
1360,1665,2023-04-07,310.85,Overboeking
1361,1666,2024-12-27,3181.69,PIN
1362,1667,2024-03-21,1129.29,PIN
1363,1668,2026-01-21,282.9,Contant
1364,1672,2023-10-14,7917.74,Contant
1365,1673,2025-07-05,241.76,Contant
1366,1674,2024-06-07,250.23,Contant
1367,1675,2024-03-05,2600.59,Overboeking
1368,1676,2023-05-16,2032.12,Automatische incasso
1369,1678,2023-10-01,7542.54,Automatische incasso
1370,1679,2025-02-11,1349.87,Contant
1371,1680,2025-05-25,1000.66,Automatische incasso
1372,1681,2026-01-07,2071.53,iDEAL
1373,1682,2023-04-07,3804.84,Overboeking
1374,1683,2024-12-23,2582.2,Automatische incasso
1375,1685,2023-05-23,149.61,PIN
1376,1686,2024-04-11,961.71,Overboeking
1377,1687,2024-11-23,5913.15,PIN
1378,1688,2025-11-22,169.4,PIN
1379,1689,2023-08-03,1522.18,Contant
1380,1690,2024-12-16,448.07,PIN
1381,1691,2024-12-30,1358.34,Overboeking
1382,1692,2025-01-19,882.09,Automatische incasso
1383,1694,2024-09-12,5236.81,iDEAL
1384,1695,2025-10-13,1958.74,Automatische incasso
1385,1697,2026-03-25,6591.84,Automatische incasso
1386,1698,2025-12-03,2800.01,iDEAL
1387,1699,2025-08-22,140.78,Overboeking
1388,1700,2025-10-29,1004.91,iDEAL
1389,1701,2023-03-05,1108.97,PIN
1390,1702,2025-07-01,6491.04,Overboeking
1391,1704,2025-07-16,1563.57,Automatische incasso
1392,1706,2024-08-22,170.13,Overboeking
1393,1708,2024-04-04,7730.56,Overboeking
1394,1709,2024-07-04,2351.03,Contant
1395,1710,2025-02-23,1185.32,Contant
1396,1711,2024-02-24,1335.48,PIN
1397,1712,2025-12-30,1361.25,Automatische incasso
1398,1713,2026-05-20,1315.27,Overboeking
1399,1714,2025-02-22,1114.53,iDEAL
1400,1715,2024-02-06,2431.91,iDEAL
1401,1718,2024-10-14,4247.1,PIN
1402,1719,2023-03-23,1799.88,PIN
1403,1720,2025-02-26,1572.39,Contant
1404,1721,2025-04-15,1610.46,iDEAL
1405,1722,2026-04-17,3569.5,PIN
1406,1723,2023-03-10,5795.23,iDEAL
1407,1724,2025-05-19,1789.46,Overboeking
1408,1725,2026-04-29,1435.53,iDEAL
1409,1727,2024-10-21,2018.16,PIN
1410,1728,2023-04-02,440.98,Contant
1411,1729,2024-08-30,219.86,Overboeking
1412,1730,2026-01-25,230.62,PIN
1413,1731,2024-04-24,2776.7,iDEAL
1414,1732,2024-07-18,2270.67,iDEAL
1415,1733,2026-01-24,9869.97,Automatische incasso
1416,1736,2026-02-01,1594.9,Automatische incasso
1417,1737,2023-08-15,287.38,Overboeking
1418,1738,2023-10-08,3480.57,Overboeking
1419,1739,2025-12-14,3841.14,iDEAL
1420,1740,2024-04-07,2386.18,Contant
1421,1741,2025-05-14,758.07,Contant
1422,1743,2024-01-11,383.09,Contant
1423,1744,2024-02-25,1179.75,Overboeking
1424,1745,2024-11-03,2581.04,Automatische incasso
1425,1746,2023-06-23,713.29,Automatische incasso
1426,1747,2023-07-31,2887.6,iDEAL
1427,1748,2025-06-15,861.89,Contant
1428,1749,2024-10-19,1348.9,Contant
1429,1751,2024-11-14,794.49,iDEAL
1430,1753,2025-05-25,2878.11,Contant
1431,1755,2024-05-27,2756.86,Overboeking
1432,1756,2025-02-08,4645.06,PIN
1433,1757,2023-07-02,2167.84,Automatische incasso
1434,1758,2024-08-16,2243.94,Contant
1435,1759,2023-07-22,4483.28,Overboeking
1436,1760,2026-01-26,70.0,iDEAL
1437,1761,2025-01-05,1959.42,Automatische incasso
1438,1763,2024-01-31,1822.14,PIN
1439,1764,2024-10-01,265.72,Overboeking
1440,1765,2024-10-17,143.99,PIN
1441,1766,2026-04-06,2679.18,iDEAL
1442,1767,2025-07-05,1777.49,Overboeking
1443,1769,2024-12-14,3006.73,Contant
1444,1770,2025-11-24,1468.21,PIN
1445,1771,2024-02-20,1461.07,Overboeking
1446,1772,2023-05-23,611.6,Contant
1447,1773,2024-04-14,894.19,PIN
1448,1774,2025-08-27,2976.05,Automatische incasso
1449,1775,2023-12-02,291.85,Contant
1450,1777,2025-05-17,1591.14,Overboeking
1451,1778,2024-10-31,2950.51,Automatische incasso
1452,1779,2024-10-17,906.29,iDEAL
1453,1780,2023-02-10,604.15,PIN
1454,1781,2024-09-10,1533.67,Overboeking
1455,1782,2025-05-07,1059.35,Automatische incasso
1456,1784,2023-11-04,647.95,PIN
1457,1785,2025-10-25,85.67,Overboeking
1458,1787,2025-10-19,2867.09,iDEAL
1459,1788,2023-04-22,848.81,iDEAL
1460,1789,2024-03-31,1458.65,Automatische incasso
1461,1790,2023-09-24,1606.88,Contant
1462,1791,2024-10-05,3025.36,Contant
1463,1792,2023-12-07,556.3,Contant
1464,1793,2023-08-17,1523.32,PIN
1465,1794,2024-08-02,412.37,PIN
1466,1795,2024-01-29,2884.64,Contant
1467,1796,2024-07-07,1818.26,Contant
1468,1797,2023-08-17,3723.1,Contant
1469,1798,2024-04-30,632.23,iDEAL
1470,1799,2024-05-11,5655.85,Automatische incasso
1471,1800,2026-05-20,1926.01,Contant
1472,1801,2023-09-19,1019.55,Automatische incasso
1473,1802,2024-01-31,1921.84,Overboeking
1474,1804,2024-07-02,1336.62,Overboeking
1475,1805,2025-07-20,3054.1,Overboeking
1476,1806,2023-12-26,2939.8,Contant
1477,1807,2024-03-06,761.32,Contant
1478,1809,2024-04-20,210.54,Automatische incasso
1479,1810,2024-06-09,1023.72,iDEAL
1480,1811,2023-09-02,204.73,Overboeking
1481,1813,2025-08-09,259.84,Contant
1482,1814,2025-02-16,1155.18,iDEAL
1483,1815,2025-09-25,3011.08,Automatische incasso
1484,1816,2025-01-06,1091.42,Overboeking
1485,1817,2024-04-03,4822.45,Contant
1486,1818,2025-10-15,2186.11,PIN
1487,1820,2025-02-24,1288.35,PIN
1488,1821,2026-02-16,2771.98,Automatische incasso
1489,1822,2025-08-14,1287.02,Automatische incasso
1490,1823,2024-10-25,676.39,Automatische incasso
1491,1824,2026-03-02,20.33,PIN
1492,1826,2025-10-13,3265.42,Automatische incasso
1493,1827,2023-09-08,3641.13,Overboeking
1494,1829,2024-03-07,816.39,Automatische incasso
1495,1830,2024-11-05,1983.43,Contant
1496,1831,2024-12-02,937.99,Overboeking
1497,1832,2023-07-29,517.88,Overboeking
1498,1833,2023-09-30,251.19,iDEAL
1499,1834,2023-09-22,124.87,iDEAL
1500,1835,2024-03-06,2700.72,Contant
1501,1836,2023-07-17,4898.68,iDEAL
1502,1837,2025-02-09,173.51,Contant
1503,1838,2025-02-12,4948.28,Overboeking
1504,1839,2024-04-26,2825.11,PIN
1505,1840,2026-01-12,1708.03,PIN
1506,1842,2026-01-22,4091.3,iDEAL
1507,1843,2025-02-07,1938.95,iDEAL
1508,1845,2024-07-02,1869.82,Overboeking
1509,1847,2023-11-29,1934.18,Automatische incasso
1510,1848,2025-10-19,2322.18,Contant
1511,1849,2025-02-18,656.55,Automatische incasso
1512,1851,2025-12-02,2452.48,PIN
1513,1852,2023-06-07,1470.09,PIN
1514,1854,2025-05-19,3808.47,Automatische incasso
1515,1855,2025-07-08,841.92,Automatische incasso
1516,1857,2025-03-25,8199.56,PIN
1517,1858,2025-01-25,954.69,iDEAL
1518,1859,2023-04-29,2155.67,iDEAL
1519,1860,2024-12-04,1138.01,PIN
1520,1861,2026-01-25,2394.11,Automatische incasso
1521,1863,2024-11-03,19.54,PIN
1522,1864,2023-03-12,3950.29,iDEAL
1523,1865,2026-02-26,1499.06,Automatische incasso
1524,1866,2023-12-27,2640.09,Contant
1525,1867,2025-06-29,2028.93,Contant
1526,1868,2026-05-11,2430.29,PIN
1527,1869,2026-04-21,2838.11,iDEAL
1528,1870,2024-05-31,1396.33,PIN
1529,1871,2025-10-03,5453.77,Overboeking
1530,1872,2024-11-04,2689.59,Contant
1531,1873,2025-10-16,622.67,Overboeking
1532,1874,2024-09-11,3433.74,PIN
1533,1875,2024-08-19,726.78,Overboeking
1534,1876,2025-02-09,358.22,Contant
1535,1877,2025-05-18,3400.1,Overboeking
1536,1878,2023-03-20,1106.06,Overboeking
1537,1881,2026-01-12,482.79,Automatische incasso
1538,1882,2024-01-02,1350.12,PIN
1539,1883,2026-04-22,336.8,Automatische incasso
1540,1884,2024-01-05,5950.89,PIN
1541,1885,2024-10-26,288.16,Contant
1542,1887,2024-04-08,275.27,PIN
1543,1889,2026-04-17,1396.34,Contant
1544,1890,2025-09-17,2176.79,Automatische incasso
1545,1891,2023-06-19,3697.16,Contant
1546,1893,2025-01-13,1254.1,iDEAL
1547,1894,2024-05-20,2743.74,Overboeking
1548,1895,2026-01-05,1227.0,iDEAL
1549,1896,2025-02-18,4911.44,Automatische incasso
1550,1897,2025-02-01,3297.0,Contant
1551,1898,2023-09-09,3388.0,Automatische incasso
1552,1899,2023-11-11,2673.61,PIN
1553,1900,2024-07-15,2453.15,Automatische incasso
1554,1901,2025-12-18,100.06,Overboeking
1555,1902,2023-11-11,3670.76,Automatische incasso
1556,1903,2025-03-13,5634.85,PIN
1557,1904,2024-05-21,1119.68,Automatische incasso
1558,1905,2024-04-17,3208.92,PIN
1559,1906,2025-11-20,862.49,iDEAL
1560,1907,2025-07-23,318.47,PIN
1561,1909,2025-04-13,1968.67,PIN
1562,1910,2023-06-30,2366.76,Automatische incasso
1563,1911,2025-12-05,1357.61,Automatische incasso
1564,1912,2025-02-09,5891.96,Contant
1565,1913,2023-06-01,5296.65,iDEAL
1566,1915,2024-06-04,1845.37,Overboeking
1567,1916,2025-08-11,1821.0,iDEAL
1568,1918,2025-11-18,30.49,Contant
1569,1919,2025-03-28,2681.29,iDEAL
1570,1920,2025-10-07,3830.26,Automatische incasso
1571,1921,2024-02-10,133.7,PIN
1572,1922,2024-10-20,241.76,PIN
1573,1923,2023-07-10,2951.06,Overboeking
1574,1925,2026-05-03,90.39,Contant
1575,1926,2023-07-12,765.21,Contant
1576,1927,2024-01-13,1478.62,iDEAL
1577,1928,2025-08-04,3463.02,Automatische incasso
1578,1929,2025-03-20,3762.38,Automatische incasso
1579,1930,2025-02-09,1270.5,Overboeking
1580,1931,2024-04-10,142.3,PIN
1581,1932,2023-10-28,660.65,Overboeking
1582,1933,2024-05-22,2883.55,iDEAL
1583,1934,2024-03-01,4378.98,Overboeking
1584,1935,2025-08-11,1688.48,PIN
1585,1936,2025-10-03,429.07,Overboeking
1586,1938,2026-01-28,5922.05,iDEAL
1587,1940,2024-07-18,3349.34,Automatische incasso
1588,1941,2024-01-15,1513.1,PIN
1589,1942,2023-06-12,2491.74,Overboeking
1590,1943,2025-01-31,132.13,Automatische incasso
1591,1944,2026-04-24,3512.93,Contant
1592,1946,2025-01-04,3725.59,iDEAL
1593,1947,2024-10-12,8941.29,iDEAL
1594,1949,2025-04-05,8879.46,Automatische incasso
1595,1950,2023-06-27,3529.57,PIN
1596,1951,2024-10-30,1969.65,iDEAL
1597,1952,2023-09-11,262.57,Contant
1598,1953,2024-08-11,3350.97,iDEAL
1599,1954,2023-10-01,3276.79,Overboeking
1600,1955,2023-12-18,88.09,iDEAL
1601,1956,2025-01-23,1878.89,iDEAL
1602,1957,2025-07-23,4044.97,Contant
1603,1958,2023-06-20,1171.77,Overboeking
1604,1959,2025-07-18,188.76,Contant
1605,1960,2023-12-14,1059.96,PIN
1606,1961,2023-04-16,5913.26,Overboeking
1607,1962,2023-08-12,981.43,iDEAL
1608,1963,2025-06-18,3085.93,Contant
1609,1964,2025-07-14,1215.32,Automatische incasso
1610,1966,2023-09-10,355.98,PIN
1611,1967,2023-04-30,7148.67,iDEAL
1612,1968,2026-04-29,1284.89,Overboeking
1613,1969,2025-04-17,105.27,iDEAL
1614,1970,2024-03-18,237.47,Contant
1615,1971,2023-03-19,3974.48,Contant
1616,1972,2026-02-26,3151.98,Contant
1617,1973,2025-12-21,1162.63,PIN
1618,1975,2024-07-25,4381.84,PIN
1619,1976,2023-10-06,181.14,Overboeking
1620,1977,2023-08-13,127.42,PIN
1621,1978,2025-09-08,1433.79,Contant
1622,1979,2024-04-09,57.6,Contant
1623,1980,2025-12-04,1318.59,iDEAL
1624,1981,2025-06-27,3946.9,Overboeking
1625,1983,2025-08-11,3064.45,Overboeking
1626,1984,2024-07-01,316.77,iDEAL
1627,1985,2025-12-19,283.63,Contant
1628,1987,2023-08-08,5680.95,PIN
1629,1988,2025-10-26,2762.49,PIN
1630,1989,2023-09-20,1956.63,Contant
1631,1992,2024-11-26,687.64,Overboeking
1632,1994,2024-09-18,2317.08,PIN
1633,1996,2025-01-17,5586.09,Overboeking
1634,1997,2023-04-17,4046.23,Overboeking
1635,2001,2023-03-24,1786.75,Contant
1636,2002,2024-11-09,987.79,PIN
1637,2003,2024-05-13,2125.78,Contant
1638,2005,2025-08-05,2241.52,iDEAL
1639,2006,2024-09-04,5272.27,PIN
1640,2007,2024-03-27,4420.13,Overboeking
1641,2008,2025-03-02,4962.21,Contant
1642,2010,2024-02-14,790.86,Contant
1643,2012,2024-01-09,1558.23,Overboeking
1644,2013,2024-11-10,2349.1,Overboeking
1645,2014,2024-04-03,2556.0,PIN
1646,2016,2024-07-05,2991.1,Automatische incasso
1647,2017,2025-04-30,2169.23,Overboeking
1648,2018,2025-06-24,635.25,PIN
1649,2019,2025-06-08,3988.58,Overboeking
1650,2021,2025-04-25,408.5,iDEAL
1651,2023,2024-07-29,3605.44,Overboeking
1652,2024,2025-01-21,1379.4,PIN
1653,2025,2026-04-23,2593.1,PIN
1654,2026,2024-08-08,1457.38,PIN
1655,2028,2024-12-15,276.85,iDEAL
1656,2029,2025-06-25,4138.07,Contant
1657,2030,2023-03-03,1405.17,iDEAL
1658,2031,2023-06-30,7170.69,Overboeking
1659,2032,2023-08-13,1412.13,Overboeking
1660,2033,2023-05-09,2269.11,Overboeking
1661,2034,2023-10-15,7627.36,Contant
1662,2036,2023-03-13,201.46,Automatische incasso
1663,2037,2023-05-31,3069.64,Contant
1664,2039,2025-03-26,3056.45,iDEAL
1665,2040,2024-10-10,2441.17,Automatische incasso
1666,2041,2025-06-24,2810.23,PIN
1667,2042,2024-11-18,2801.14,Contant
1668,2043,2025-11-19,2258.77,Contant
1669,2044,2023-04-08,990.21,Contant
1670,2045,2023-11-11,600.4,Overboeking
1671,2046,2026-02-20,1037.93,Overboeking
1672,2047,2025-12-25,6341.67,Contant
1673,2048,2023-05-02,6486.86,Automatische incasso
1674,2049,2024-05-25,1697.49,Automatische incasso
1675,2050,2026-01-23,667.38,iDEAL
1676,2052,2024-05-24,1345.52,Automatische incasso
1677,2053,2023-06-03,1320.71,PIN
1678,2055,2024-04-07,2317.76,Contant
1679,2056,2025-08-27,2930.44,Automatische incasso
1680,2057,2024-08-25,771.87,PIN
1681,2059,2024-07-02,71.99,Contant
1682,2061,2024-07-20,3423.09,PIN
1683,2062,2023-08-26,1101.1,Automatische incasso
1684,2063,2024-05-21,2099.71,Contant
1685,2064,2025-11-09,2621.21,PIN
1686,2066,2026-03-03,5118.05,iDEAL
1687,2067,2023-04-26,1048.28,PIN
1688,2068,2024-04-23,651.22,PIN
1689,2069,2025-06-18,1897.64,Automatische incasso
1690,2070,2024-06-23,1383.76,iDEAL
1691,2071,2024-04-22,2977.2,Overboeking
1692,2072,2023-05-23,2503.8,Automatische incasso
1693,2074,2025-06-29,2190.82,Contant
1694,2075,2025-03-23,322.22,Contant
1695,2076,2025-09-09,457.38,Contant
1696,2077,2025-06-27,1045.08,Overboeking
1697,2078,2025-11-25,182.35,Automatische incasso
1698,2079,2025-08-06,3671.51,Overboeking
1699,2081,2025-06-15,3779.07,iDEAL
1700,2082,2023-03-31,4163.85,iDEAL
1701,2083,2023-11-15,2745.12,PIN
1702,2084,2026-01-30,284.59,Automatische incasso
1703,2085,2023-09-29,1956.57,Automatische incasso
1704,2086,2023-04-13,6745.26,Overboeking
1705,2087,2026-03-29,3738.77,Contant
1706,2088,2023-08-24,7634.5,Contant
1707,2089,2026-03-14,648.19,iDEAL
1708,2090,2025-01-05,3793.35,Overboeking
1709,2091,2025-09-23,2007.51,iDEAL
1710,2092,2024-01-10,3936.25,PIN
1711,2096,2025-08-18,4760.38,iDEAL
1712,2097,2023-10-30,3652.99,PIN
1713,2098,2024-01-28,888.02,Contant
1714,2100,2023-07-28,751.41,Contant
1715,2101,2024-03-08,4501.07,PIN
1716,2102,2024-08-01,3828.92,Automatische incasso
1717,2103,2024-12-12,4166.26,Overboeking
1718,2104,2025-11-08,1119.12,iDEAL
1719,2106,2023-08-20,1812.7,iDEAL
1720,2107,2024-10-10,2371.66,Overboeking
1721,2108,2024-10-13,20.45,Overboeking
1722,2109,2023-12-03,1157.9,PIN
1723,2110,2024-11-13,415.63,Automatische incasso
1724,2111,2025-07-30,425.19,Automatische incasso
1725,2112,2023-08-28,142.54,Overboeking
1726,2113,2025-05-10,1586.67,Automatische incasso
1727,2114,2024-04-17,2610.09,Overboeking
1728,2115,2024-04-23,1461.8,PIN
1729,2116,2024-10-19,2739.13,Overboeking
1730,2117,2023-03-12,1522.48,iDEAL
1731,2118,2025-04-14,3270.2,PIN
1732,2119,2023-03-29,943.8,iDEAL
1733,2120,2023-05-16,4370.52,iDEAL
1734,2122,2024-05-23,1002.01,Overboeking
1735,2124,2026-03-27,351.92,Overboeking
1736,2125,2025-03-02,2399.38,Contant
1737,2126,2024-07-15,1370.2,PIN
1738,2127,2025-06-09,462.83,iDEAL
1739,2128,2024-10-16,1792.37,Automatische incasso
1740,2129,2025-05-01,8419.9,Overboeking
1741,2130,2023-08-20,942.29,Contant
1742,2131,2023-11-18,1203.71,iDEAL
1743,2132,2025-06-06,2262.58,Contant
1744,2133,2025-01-09,4722.76,Automatische incasso
1745,2134,2025-01-23,1486.83,iDEAL
1746,2135,2025-11-05,3594.91,PIN
1747,2138,2023-12-29,1542.75,Automatische incasso
1748,2139,2024-10-04,455.93,iDEAL
1749,2140,2026-05-05,682.31,iDEAL
1750,2141,2023-05-08,1526.96,Automatische incasso
1751,2142,2023-11-18,6069.12,Overboeking
1752,2143,2024-08-30,277.94,Contant
1753,2144,2024-04-05,2759.64,iDEAL
1754,2145,2025-07-29,1925.96,Contant
1755,2146,2025-01-23,4344.63,PIN
1756,2147,2025-04-28,132.13,PIN
1757,2148,2025-01-11,371.59,iDEAL
1758,2149,2026-02-08,7820.46,Overboeking
1759,2150,2025-09-17,1124.94,Contant
1760,2151,2026-01-04,6199.8,iDEAL
1761,2152,2024-06-14,1355.56,Automatische incasso
1762,2153,2024-11-20,2307.96,Contant
1763,2154,2025-01-06,1922.98,PIN
1764,2155,2026-02-17,2140.61,PIN
1765,2156,2024-11-09,2609.6,Automatische incasso
1766,2157,2023-11-30,1572.75,PIN
1767,2158,2024-08-23,639.48,Contant
1768,2159,2025-08-06,89.78,Overboeking
1769,2161,2026-02-11,1444.74,PIN
1770,2162,2024-04-20,1174.3,Automatische incasso
1771,2163,2025-11-18,283.44,Automatische incasso
1772,2165,2024-08-04,122.39,Overboeking
1773,2166,2025-05-27,3896.02,Automatische incasso
1774,2167,2023-03-01,2876.41,Automatische incasso
1775,2168,2024-01-29,135.52,Overboeking
1776,2171,2023-12-05,939.08,Overboeking
1777,2172,2024-09-04,4022.71,Automatische incasso
1778,2173,2025-01-17,1443.29,Overboeking
1779,2174,2026-04-03,1523.99,iDEAL
1780,2175,2025-10-08,3085.61,Overboeking
1781,2177,2026-02-28,1347.33,PIN
1782,2178,2024-09-30,3221.63,iDEAL
1783,2179,2023-05-23,4480.19,Automatische incasso
1784,2180,2025-05-25,62.92,Contant
1785,2181,2025-07-05,1072.66,Automatische incasso
1786,2182,2023-11-21,3230.59,Overboeking
1787,2184,2024-12-26,1686.5,iDEAL
1788,2185,2024-07-20,5482.52,PIN
1789,2186,2026-01-06,1231.89,Automatische incasso
1790,2187,2026-04-22,3756.44,Automatische incasso
1791,2188,2024-11-23,832.3,iDEAL
1792,2189,2024-01-02,849.42,Overboeking
1793,2191,2023-05-02,5459.27,Overboeking
1794,2193,2025-07-07,525.14,Overboeking
1795,2194,2024-06-16,2292.34,Automatische incasso
1796,2195,2024-01-21,1190.15,iDEAL
1797,2198,2024-08-04,597.5,iDEAL
1798,2199,2025-06-03,412.12,Automatische incasso
1799,2200,2025-06-18,2075.51,Contant
1800,2201,2025-12-14,1813.92,Contant
1801,2203,2026-05-12,1361.66,Automatische incasso
1802,2208,2023-09-14,849.42,Contant
1803,2209,2025-12-16,874.23,iDEAL
1804,2210,2024-11-22,586.0,Overboeking
1805,2211,2023-09-13,1616.92,Automatische incasso
1806,2213,2023-08-27,1122.94,Overboeking
1807,2214,2023-12-01,4149.26,iDEAL
1808,2216,2025-04-18,5124.22,PIN
1809,2217,2023-07-31,1550.25,PIN
1810,2218,2023-08-16,545.23,Automatische incasso
1811,2219,2024-08-11,1649.96,iDEAL
1812,2220,2024-11-29,3088.27,Overboeking
1813,2221,2023-04-24,1487.27,Automatische incasso
1814,2222,2023-01-15,5542.53,Contant
1815,2223,2023-10-12,1921.47,Overboeking
1816,2224,2025-03-18,5608.83,PIN
1817,2225,2025-08-01,3491.94,Automatische incasso
1818,2226,2026-02-03,569.06,Automatische incasso
1819,2227,2023-08-01,7358.01,PIN
1820,2228,2025-09-10,3784.52,iDEAL
1821,2229,2023-08-28,1092.14,PIN
1822,2230,2024-12-18,624.36,Contant
1823,2231,2023-04-07,366.02,Overboeking
1824,2232,2024-09-04,62.68,Contant
1825,2233,2023-09-23,2692.01,Contant
1826,2234,2025-07-27,5349.4,Contant
1827,2235,2024-10-20,2096.2,Contant
1828,2236,2024-05-15,2532.03,Contant
1829,2237,2025-04-24,573.55,PIN
1830,2238,2025-02-16,685.77,Contant
1831,2239,2025-12-08,1861.58,Contant
1832,2240,2024-03-18,2294.16,iDEAL
1833,2242,2024-01-08,1633.43,Contant
1834,2243,2023-12-28,858.62,PIN
1835,2244,2024-03-31,4439.49,PIN
1836,2246,2025-05-25,233.77,Automatische incasso
1837,2247,2025-06-28,2409.23,PIN
1838,2248,2026-04-02,4377.78,iDEAL
1839,2249,2023-08-18,153.91,Contant
1840,2250,2023-05-22,1992.39,PIN
1841,2252,2026-05-20,1143.45,Overboeking
1842,2254,2023-03-04,1668.59,PIN
1843,2255,2025-11-21,102.97,Contant
1844,2256,2024-08-21,1104.13,iDEAL
1845,2257,2024-09-10,168.61,iDEAL
1846,2259,2024-06-25,4147.86,Overboeking
1847,2260,2023-09-30,3065.53,Contant
1848,2261,2024-10-07,1723.39,Contant
1849,2262,2024-08-15,464.64,PIN
1850,2263,2025-10-22,1023.05,Contant
1851,2264,2024-07-12,1859.18,Automatische incasso
1852,2265,2024-07-23,3642.46,Contant
1853,2266,2024-09-15,4705.14,PIN
1854,2268,2024-05-26,186.34,Automatische incasso
1855,2269,2025-02-19,618.8,Contant
1856,2270,2023-05-12,532.88,Contant
1857,2271,2024-09-08,665.2,PIN
1858,2273,2023-09-13,1014.1,Automatische incasso
1859,2274,2024-09-26,3436.27,PIN
1860,2275,2023-11-26,2919.73,Contant
1861,2276,2025-01-14,1274.49,iDEAL
1862,2277,2025-11-14,296.45,Overboeking
1863,2278,2026-04-27,6300.47,Overboeking
1864,2279,2025-07-12,4718.4,Contant
1865,2280,2025-11-26,4316.92,Contant
1866,2283,2025-10-14,1360.46,Overboeking
1867,2284,2026-04-29,3052.71,Automatische incasso
1868,2285,2023-06-28,1018.22,iDEAL
1869,2286,2025-03-11,378.12,iDEAL
1870,2287,2024-11-15,2946.12,iDEAL
1871,2288,2025-12-20,955.53,PIN
1872,2289,2024-09-26,118.09,iDEAL
1873,2290,2026-03-25,2662.0,Automatische incasso
1874,2291,2024-06-30,3261.06,Automatische incasso
1875,2292,2025-08-21,1140.79,Contant
1876,2293,2023-03-10,275.88,iDEAL
1877,2295,2023-04-19,101.27,Contant
1878,2296,2025-06-19,435.05,Contant
1879,2297,2023-04-19,856.56,Automatische incasso
1880,2298,2025-04-06,614.68,Contant
1881,2299,2026-01-27,2171.45,Contant
1882,2300,2025-10-07,389.87,iDEAL
1883,2302,2024-12-03,1901.63,Automatische incasso
1884,2306,2025-09-22,9795.3,Automatische incasso
1885,2308,2025-03-24,2032.07,Contant
1886,2309,2023-12-20,5085.39,PIN
1887,2310,2025-05-20,289.19,Overboeking
1888,2312,2023-05-04,1592.24,PIN
1889,2313,2025-11-16,2687.41,Contant
1890,2314,2026-03-15,593.74,PIN
1891,2315,2025-02-26,1034.19,Contant
1892,2318,2025-01-28,2334.08,PIN
1893,2319,2023-11-20,2547.9,Overboeking
1894,2320,2024-01-21,3330.65,iDEAL
1895,2323,2023-07-25,6079.51,iDEAL
1896,2325,2026-01-27,6877.88,Automatische incasso
1897,2326,2025-10-30,3414.74,Overboeking
1898,2327,2025-09-09,125.84,Contant
1899,2328,2026-04-16,2069.1,Automatische incasso
1900,2329,2025-01-04,3527.75,Contant
1901,2330,2025-07-11,59.29,Automatische incasso
1902,2331,2025-03-16,3481.17,Overboeking
1903,2332,2025-05-05,198.5,Overboeking
1904,2334,2026-04-10,3521.7,Contant
1905,2336,2023-09-22,1950.52,Overboeking
1906,2337,2024-03-06,2057.0,Automatische incasso
1907,2338,2024-08-16,1310.18,iDEAL
1908,2340,2024-06-15,1124.69,Overboeking
1909,2341,2024-02-15,114.34,PIN
1910,2342,2025-06-01,365.29,iDEAL
1911,2343,2025-09-26,2732.11,iDEAL
1912,2346,2023-03-25,334.08,Contant
1913,2347,2025-01-03,3306.32,Contant
1914,2348,2024-08-22,715.95,PIN
1915,2349,2026-04-21,1711.67,iDEAL
1916,2350,2023-08-17,465.24,Overboeking
1917,2351,2023-04-12,563.25,PIN
1918,2352,2024-06-08,3815.73,Automatische incasso
1919,2354,2023-02-26,6089.26,Contant
1920,2355,2024-03-02,15.97,iDEAL
1921,2359,2025-08-20,655.58,iDEAL
1922,2360,2025-05-28,188.28,PIN
1923,2361,2024-02-03,1260.34,Contant
1924,2362,2024-08-09,28.31,PIN
1925,2363,2026-04-10,3648.64,Automatische incasso
1926,2364,2023-12-16,4778.65,Overboeking
1927,2365,2024-08-14,351.5,Automatische incasso
1928,2366,2025-04-19,759.88,Overboeking
1929,2367,2024-05-17,5836.92,iDEAL
1930,2369,2026-01-20,4609.38,Automatische incasso
1931,2370,2025-09-15,8085.1,iDEAL
1932,2371,2024-01-01,2577.06,Contant
1933,2372,2023-09-26,3867.76,PIN
1934,2373,2025-12-06,1076.9,Overboeking
1935,2374,2023-11-12,2298.4,iDEAL
1936,2375,2025-04-18,878.46,Overboeking
1937,2377,2025-11-20,99.89,iDEAL
1938,2378,2025-11-16,1971.69,iDEAL
1939,2379,2025-05-25,3323.87,PIN
1940,2380,2023-08-07,1572.39,iDEAL
1941,2384,2024-01-10,160.93,PIN
1942,2385,2025-09-02,1841.01,Automatische incasso
1943,2386,2026-01-01,187.31,Contant
1944,2388,2025-10-15,8397.4,Automatische incasso
1945,2389,2023-08-13,497.79,Automatische incasso
1946,2390,2026-01-29,4988.16,Contant
1947,2391,2026-05-09,3482.99,iDEAL
1948,2392,2026-02-18,2214.8,Automatische incasso
1949,2393,2026-05-20,127.05,Overboeking
1950,2394,2024-11-29,2416.31,PIN
1951,2395,2023-12-25,1193.06,iDEAL
1952,2396,2025-04-06,1563.32,Automatische incasso
1953,2397,2023-04-22,430.76,Overboeking
1954,2398,2026-02-22,3213.51,Overboeking
1955,2399,2023-03-09,6566.24,Contant
1956,2400,2025-06-14,846.28,Overboeking
1957,2402,2025-08-20,1804.22,Automatische incasso
1958,2404,2024-02-27,332.08,iDEAL
1959,2405,2025-12-16,5021.14,iDEAL
1960,2406,2025-07-24,900.37,Overboeking
1961,2407,2025-06-20,4383.22,Overboeking
1962,2408,2023-11-09,1541.54,iDEAL
1963,2409,2024-10-22,1038.42,iDEAL
1964,2411,2026-02-08,6053.68,Contant
1965,2412,2025-01-04,946.47,iDEAL
1966,2413,2023-05-18,3148.6,Overboeking
1967,2414,2024-12-13,58.08,Overboeking
1968,2415,2024-08-03,1758.73,Automatische incasso
1969,2416,2025-07-02,1770.77,PIN
1970,2417,2025-05-04,146.05,PIN
1971,2418,2025-08-22,1443.64,Overboeking
1972,2419,2023-07-12,1795.16,Automatische incasso
1973,2421,2025-05-01,3592.18,Contant
1974,2422,2023-08-05,584.43,Overboeking
1975,2423,2024-07-23,74.54,Contant
1976,2425,2023-06-30,1532.35,iDEAL
1977,2426,2025-09-09,3274.63,Automatische incasso
1978,2427,2026-03-18,1469.66,Automatische incasso
1979,2428,2025-02-11,3824.79,Overboeking
1980,2429,2023-04-25,1067.22,iDEAL
1981,2430,2025-04-27,790.49,Contant
1982,2431,2024-05-18,1422.23,Overboeking
1983,2432,2024-01-01,1648.08,iDEAL
1984,2435,2025-11-04,746.44,iDEAL
1985,2437,2025-11-06,3779.3,iDEAL
1986,2438,2025-06-29,1118.64,PIN
1987,2439,2023-02-05,786.98,Automatische incasso
1988,2440,2025-11-05,1904.6,iDEAL
1989,2441,2024-09-19,3940.36,Contant
1990,2442,2023-03-16,2359.5,iDEAL
1991,2443,2023-06-28,180.05,Automatische incasso
1992,2444,2024-11-17,1474.87,Automatische incasso
1993,2445,2025-02-18,75.14,Contant
1994,2446,2023-02-17,1415.7,iDEAL
1995,2447,2023-04-25,868.78,Automatische incasso
1996,2448,2025-06-24,577.77,iDEAL
1997,2450,2023-03-24,828.37,Contant
1998,2451,2024-11-28,2910.04,Automatische incasso
1999,2452,2024-04-26,594.47,Overboeking
2000,2456,2024-08-05,1074.72,iDEAL
2001,2457,2025-05-01,8071.73,Automatische incasso
2002,2458,2025-09-08,2477.84,PIN
2003,2460,2024-01-29,1301.36,iDEAL
2004,2461,2024-03-06,2363.79,Overboeking
2005,2462,2025-11-11,1778.7,Overboeking
2006,2463,2025-07-12,7556.45,Automatische incasso
2007,2464,2023-09-10,2559.76,iDEAL
2008,2465,2025-02-14,1522.42,iDEAL
2009,2466,2025-02-23,3512.82,Contant
2010,2468,2025-05-18,1525.69,Contant
2011,2469,2025-09-03,2721.22,Overboeking
2012,2470,2024-03-08,2460.4,PIN
2013,2471,2023-06-01,3956.46,iDEAL
2014,2472,2023-10-08,3070.98,Automatische incasso
2015,2473,2024-12-30,1966.73,Contant
2016,2475,2024-09-16,990.51,Automatische incasso
2017,2476,2024-09-03,1346.73,iDEAL
2018,2477,2023-06-25,396.4,Automatische incasso
2019,2478,2025-02-12,3743.67,PIN
2020,2479,2024-08-06,4968.15,Overboeking
2021,2481,2024-02-02,1101.1,iDEAL
2022,2483,2024-11-27,5062.88,Overboeking
2023,2484,2026-02-25,2363.73,PIN
2024,2485,2026-03-22,2565.68,Contant
2025,2486,2026-05-20,1819.11,Automatische incasso
2026,2487,2024-10-21,1931.16,iDEAL
2027,2488,2025-05-24,1402.14,iDEAL
2028,2490,2023-05-04,2252.17,iDEAL
2029,2491,2025-01-28,2607.18,Automatische incasso
2030,2492,2023-12-07,2472.03,Automatische incasso
2031,2493,2025-07-25,1766.24,Automatische incasso
2032,2494,2023-09-06,1613.29,Contant
2033,2495,2025-09-29,709.73,Automatische incasso
2034,2496,2026-02-05,1819.53,Contant
2035,2498,2024-12-31,1750.26,PIN
2036,2499,2024-02-21,2897.34,Contant
